// Generated by tools/make_spaceman.py from assets/spaceman.gif - do not edit.
#pragma once

constexpr int16_t SPACEMAN_W = 80;
constexpr int16_t SPACEMAN_H = 80;
constexpr uint8_t SPACEMAN_FRAMES = 20;
constexpr uint16_t SPACEMAN_FRAME_MS = 20;  // from the GIF

static const uint16_t SPACEMAN_OFFSETS[] PROGMEM = {
  0, 1323, 2665, 4014, 5288, 6607, 7940, 9158, 10403, 11635, 12950, 14199, 15514, 16832, 18119, 19428, 20836, 22140, 23443, 24845,
};

// 26158 bytes
static const uint8_t SPACEMAN_RLE[] PROGMEM = {
  0x0F, 0x0F, 0x0F, 0x0F, 0x0F, 0x0F, 0x0F, 0x0F, 0x0F, 0x0F, 0x0F, 0x0F, 0x0F, 0x0F, 0x0F, 0x0F, 0x0F, 0x0F, 0x0F, 0x0F,
  0x0F, 0x0F, 0x0F, 0x0F, 0x0F, 0x0F, 0x0F, 0x0F, 0x0F, 0x0F, 0x0F, 0x0F, 0x0F, 0x0F, 0x0F, 0x0F, 0x0F, 0x0F, 0x0F, 0x0F,
  0x0F, 0x0F, 0x0E, 0x30, 0x20, 0x0F, 0x0F, 0x0F, 0x0B, 0x30, 0x40, 0x60, 0x72, 0x40, 0x20, 0x09, 0x80, 0xC0, 0xA0, 0x0F,
  0x0F, 0x0F, 0x08, 0x80, 0xC0, 0xD0, 0xE1, 0xD0, 0xE3, 0xC0, 0x80, 0x20, 0x06, 0xA0, 0xE0, 0xA0, 0x0F, 0x0F, 0x0F, 0x08,
  0xA1, 0x80, 0x30, 0x03, 0x30, 0x60, 0xA0, 0xE0, 0xD0, 0x90, 0x30, 0x04, 0x50, 0x60, 0x90, 0x0F, 0x0F, 0x0F, 0x0F, 0x03,
  0x20, 0x80, 0xD1, 0x60, 0x0F, 0x0F, 0x0F, 0x0F, 0x00, 0x20, 0x30, 0x50, 0x60, 0x50, 0x40, 0x20, 0x04, 0x20, 0xA0, 0xE0,
  0x70, 0x0F, 0x0F, 0x0F, 0x0C, 0x30, 0x80, 0xC0, 0xD0, 0xE1, 0xF0, 0xE1, 0xD0, 0xB0, 0x80, 0x30, 0x03, 0x90, 0xE0, 0x70,
  0x0F, 0x0F, 0x0F, 0x09, 0x20, 0xA0, 0xE6, 0xC0, 0x90, 0xA0, 0xC0, 0xE0, 0xD0, 0x90, 0x20, 0x02, 0x90, 0xD0, 0x50, 0x0F,
  0x0F, 0x0F, 0x07, 0x60, 0xD0, 0xE0, 0xD0, 0xE2, 0xD0, 0xC1, 0xB0, 0x30, 0x01, 0x50, 0xB0, 0xE0, 0xD0, 0x60, 0x02, 0xA0,
  0x90, 0x0F, 0x0F, 0x0F, 0x06, 0x80, 0xC0, 0xD0, 0xA0, 0xE0, 0xC0, 0x80, 0x40, 0x08, 0x50, 0xC0, 0xE0, 0x80, 0x08, 0x20,
  0x40, 0x20, 0x0F, 0x0F, 0x0D, 0x80, 0xD0, 0xB0, 0x20, 0x30, 0x60, 0x10, 0x0B, 0x20, 0xB0, 0xE0, 0x80, 0x06, 0x80, 0xD1,
  0x90, 0x20, 0x0F, 0x0F, 0x0B, 0x70, 0xE0, 0xA0, 0x0F, 0x01, 0x20, 0xB0, 0xE0, 0x60, 0x05, 0xC0, 0x80, 0x20, 0xB0, 0x80,
  0x0F, 0x0F, 0x0A, 0x30, 0xD1, 0x10, 0x03, 0x20, 0x40, 0x60, 0x71, 0x60, 0x40, 0x10, 0x06, 0x20, 0xD1, 0x20, 0x04, 0xB0,
  0x80, 0x10, 0xB0, 0xA0, 0x0F, 0x0F, 0x0A, 0xA0, 0xE0, 0x40, 0x10, 0x01, 0x50, 0x90, 0xD0, 0xE0, 0xD0, 0xE1, 0xF0, 0xE1,
  0x90, 0x30, 0x05, 0x60, 0xD0, 0x90, 0x04, 0x50, 0xC0, 0xD1, 0x40, 0x10, 0x01, 0x20, 0x90, 0x50, 0x0F, 0x0F, 0x03, 0x30,
  0xD0, 0x90, 0x20, 0x01, 0x80, 0xC0, 0xF0, 0xE0, 0xF0, 0xE0, 0xF1, 0xE0, 0xF2, 0xE0, 0x70, 0x05, 0xB0, 0xD0, 0x30, 0x04,
  0x20, 0x50, 0x20, 0x03, 0x60, 0xE0, 0xA0, 0x0F, 0x0F, 0x03, 0x80, 0xE0, 0x50, 0x00, 0x20, 0xB0, 0xE0, 0xF1, 0xE0, 0xF3,
  0xE0, 0xF3, 0xE0, 0xA0, 0x04, 0x50, 0xE0, 0x70, 0x0C, 0x80, 0x60, 0x0F, 0x0F, 0x03, 0xC1, 0x11, 0xA0, 0xE0, 0xF1, 0xE0,
  0xF3, 0xE0, 0xF6, 0x90, 0x03, 0x10, 0xD0, 0xB0, 0x0F, 0x0F, 0x0F, 0x02, 0xD0, 0xA0, 0x00, 0x80, 0xE0, 0xF3, 0xE0, 0xF3,
  0xE0, 0xF6, 0x70, 0x03, 0xB0, 0xE0, 0x10, 0x0F, 0x0F, 0x0F, 0x00, 0x40, 0xE0, 0x80, 0x30, 0xD0, 0xE0, 0xF2, 0xE0, 0xF3,
  0xE0, 0xF7, 0xD0, 0x20, 0x02, 0x90, 0xE0, 0x30, 0x0F, 0x01, 0x60, 0xA0, 0x20, 0x0F, 0x0B, 0x40, 0xE0, 0x80, 0x90, 0xF3,
  0xE0, 0xF3, 0xE0, 0xF9, 0x80, 0x02, 0x80, 0xE0, 0x40, 0x0F, 0x01, 0x70, 0xD0, 0x20, 0x0F, 0x0B, 0x40, 0xE0, 0x80, 0xC0,
  0xD0, 0xE0, 0xF0, 0xE0, 0xF3, 0xE0, 0xFA, 0xC0, 0x10, 0x01, 0x90, 0xF0, 0x40, 0x0F, 0x0F, 0x0F, 0x00, 0x40, 0xE0, 0x90,
  0xFF, 0xF5, 0x10, 0x01, 0x90, 0xE0, 0x40, 0x0F, 0x0F, 0x0F, 0x00, 0x20, 0xE0, 0xC0, 0xE0, 0xFF, 0xF4, 0x30, 0x01, 0xB0,
  0xD0, 0x03, 0x10, 0x0F, 0x0F, 0x0D, 0xB0, 0xE0, 0xF0, 0xE0, 0xF3, 0xE0, 0xFE, 0x40, 0x10, 0x00, 0xC0, 0xB0, 0x0F, 0x0F,
  0x0F, 0x02, 0x80, 0xE0, 0xFF, 0xF5, 0x30, 0x00, 0x60, 0xE0, 0x70, 0x0F, 0x0F, 0x0F, 0x02, 0x30, 0xD0, 0xE0, 0xFF, 0xF4,
  0x10, 0x00, 0xB0, 0xE0, 0xD0, 0xA0, 0x30, 0x0F, 0x0F, 0x0F, 0x01, 0xA0, 0xE0, 0xFF, 0xF3, 0xB0, 0x00, 0x50, 0xE0, 0xA0,
  0x80, 0xC0, 0xD0, 0xA0, 0x20, 0x0F, 0x0F, 0x0F, 0x30, 0xD0, 0xFF, 0xF3, 0x70, 0x20, 0xD1, 0x30, 0x01, 0x80, 0xD1, 0x40,
  0x0F, 0x0F, 0x0F, 0x60, 0xE0, 0xD0, 0xFF, 0xF0, 0xD0, 0x30, 0xB0, 0xE0, 0x60, 0x03, 0x20, 0xB0, 0xD0, 0x70, 0x0A, 0x70,
  0xD0, 0x60, 0x0F, 0x0D, 0x30, 0x70, 0x01, 0x90, 0xE0, 0xFF, 0xF0, 0x80, 0xA0, 0xE0, 0x80, 0x00, 0x50, 0x60, 0x10, 0x01,
  0x10, 0x90, 0xE0, 0x80, 0x09, 0x60, 0xA0, 0x40, 0x0F, 0x0D, 0x30, 0xD0, 0xA0, 0x01, 0x90, 0xE0, 0xFE, 0xB0, 0xC0, 0xE0,
  0x80, 0x01, 0x80, 0xD1, 0x50, 0x02, 0x90, 0xD0, 0x90, 0x10, 0x0F, 0x0F, 0x09, 0x80, 0xD0, 0x60, 0x01, 0x80, 0xD0, 0xFD,
  0xE0, 0xD0, 0x70, 0x03, 0x40, 0xA0, 0xE0, 0x60, 0x02, 0x80, 0xE0, 0x90, 0x20, 0x0F, 0x0F, 0x09, 0xA0, 0xC0, 0x30, 0x01,
  0x30, 0xA0, 0xE0, 0xD0, 0xFA, 0xA0, 0x40, 0x06, 0x90, 0xE0, 0x70, 0x01, 0x90, 0xD1, 0xA0, 0x0D, 0x60, 0x50, 0x0F, 0x09,
  0x30, 0xD0, 0xB0, 0x03, 0x50, 0x90, 0xE1, 0xD0, 0xE2, 0xF1, 0xC0, 0x90, 0x40, 0x10, 0x08, 0x90, 0xD0, 0x50, 0xA0, 0xE0,
  0x61, 0xD0, 0xA0, 0x0C, 0xD1, 0x10, 0x0F, 0x09, 0x60, 0xD0, 0x70, 0x05, 0x40, 0x50, 0x60, 0x50, 0x90, 0xE0, 0x40, 0x20,
  0x0C, 0xA0, 0xE0, 0xC0, 0x60, 0x01, 0x70, 0xD0, 0x30, 0xC0, 0x90, 0x09, 0x81, 0x0F, 0x0B, 0x90, 0xD0, 0x50, 0x08, 0x60,
  0xD0, 0x21, 0x09, 0x50, 0x81, 0x40, 0xA0, 0xC0, 0x30, 0x01, 0x50, 0xD0, 0x30, 0xB0, 0xD0, 0x50, 0x0F, 0x08, 0x30, 0x0D,
  0xB0, 0xC0, 0x10, 0x07, 0x30, 0xD0, 0x60, 0xB0, 0x60, 0x07, 0x50, 0xD0, 0xC0, 0xE0, 0xC0, 0x40, 0xC1, 0x10, 0x50, 0xC0,
  0xB0, 0x10, 0x00, 0xB0, 0xC0, 0x20, 0x0F, 0x0F, 0x06, 0x40, 0xD0, 0xB0, 0x08, 0xC0, 0x80, 0xC0, 0x80, 0x07, 0xA0, 0xB0,
  0x00, 0x20, 0xB0, 0x90, 0x30, 0xC1, 0xE0, 0xB0, 0x30, 0x01, 0x30, 0xD0, 0xA0, 0x0F, 0x0F, 0x07, 0x70, 0xD0, 0x60, 0x10,
  0x06, 0xA0, 0xB0, 0xA0, 0xB0, 0x07, 0xA0, 0xB0, 0x01, 0xC0, 0x90, 0x00, 0x80, 0xD0, 0xA0, 0x10, 0x03, 0x70, 0xD0, 0x70,
  0x0F, 0x0F, 0x07, 0xA0, 0xC0, 0x30, 0x06, 0x50, 0xD0, 0x60, 0xD0, 0x50, 0x02, 0x11, 0x01, 0x50, 0xD0, 0xC2, 0x40, 0x60,
  0xD0, 0xC0, 0xB0, 0x20, 0x04, 0x90, 0xE0, 0x30, 0x0F, 0x0F, 0x06, 0x20, 0xB1, 0x20, 0x06, 0xC0, 0x90, 0xB1, 0x00, 0x50,
  0xC0, 0xE0, 0xB0, 0x30, 0x01, 0x40, 0xA0, 0x80, 0x40, 0x80, 0xD0, 0xA0, 0x30, 0xE0, 0x70, 0x04, 0x20, 0xC0, 0xB0, 0x10,
  0x0F, 0x0F, 0x06, 0x50, 0xC0, 0x80, 0x06, 0x90, 0xD0, 0x40, 0xE0, 0x80, 0xD0, 0xA0, 0x60, 0xB0, 0xA0, 0x05, 0xA0, 0x80,
  0x01, 0xB0, 0xA0, 0x05, 0x50, 0xE0, 0x80, 0x0F, 0x08, 0x20, 0xB0, 0x90, 0x0B, 0xA0, 0xD0, 0x50, 0x05, 0x20, 0xD0, 0x60,
  0x90, 0xF0, 0xE0, 0x30, 0x00, 0x70, 0xD0, 0x10, 0x08, 0x80, 0xD0, 0x10, 0x05, 0x80, 0xE0, 0x20, 0x0F, 0x07, 0x30, 0xC0,
  0xA0, 0x0C, 0xB0, 0xC0, 0x20, 0x05, 0x90, 0xE0, 0xD0, 0xE1, 0xA0, 0x30, 0xB0, 0xA0, 0x09, 0x40, 0xE0, 0x30, 0x06, 0x50,
  0x0F, 0x09, 0x30, 0x40, 0x0C, 0x40, 0xD0, 0xA0, 0x05, 0x50, 0xE0, 0x80, 0x30, 0xD0, 0xF0, 0xD0, 0xC0, 0x50, 0x80, 0xB0,
  0x30, 0x06, 0x20, 0xE0, 0x60, 0x0F, 0x0F, 0x0F, 0x01, 0x60, 0xE0, 0x50, 0x05, 0xC1, 0x40, 0x80, 0xE0, 0xA1, 0xC0, 0xD0,
  0x80, 0x01, 0x70, 0xD0, 0x30, 0x02, 0x50, 0xD0, 0x90, 0x70, 0x00, 0xA0, 0x50, 0x0F, 0x0F, 0x0E, 0x50, 0x20, 0x05, 0x30,
  0xB0, 0xE0, 0xD1, 0xC0, 0xF0, 0xA0, 0x20, 0x02, 0x20, 0xB0, 0xC0, 0x40, 0x00, 0x50, 0xC0, 0xE0, 0xB0, 0xE0, 0x80, 0xB0,
  0xC0, 0x20, 0x0F, 0x0F, 0x0F, 0x06, 0x20, 0x51, 0x21, 0xA0, 0xD0, 0x90, 0x10, 0x02, 0x40, 0xE1, 0xD0, 0xE0, 0xC0, 0x40,
  0x00, 0x80, 0xD0, 0x40, 0xE0, 0x80, 0x0F, 0x0F, 0x04, 0x60, 0xB0, 0x90, 0x30, 0x0F, 0x03, 0x70, 0xE0, 0xB0, 0x60, 0x02,
  0xA0, 0xD1, 0xA0, 0x20, 0x00, 0x40, 0xC0, 0xA0, 0x00, 0x60, 0xE0, 0x60, 0x0F, 0x0F, 0x02, 0x40, 0xE0, 0x90, 0xB0, 0xD0,
  0x0F, 0x04, 0x20, 0xB0, 0xE0, 0xB0, 0x80, 0xB0, 0xE2, 0x90, 0x00, 0x80, 0xD0, 0xB0, 0x30, 0x01, 0x90, 0x70, 0x0F, 0x0F,
  0x02, 0x40, 0xC0, 0x10, 0x20, 0xD0, 0x30, 0x0F, 0x05, 0x50, 0xA0, 0xE0, 0xD0, 0xB0, 0x40, 0x90, 0xE2, 0x80, 0x0F, 0x0F,
  0x08, 0x30, 0xD0, 0x81, 0xD0, 0x30, 0x0F, 0x07, 0xD0, 0xA0, 0x01, 0xB0, 0xC0, 0x50, 0x20, 0x0F, 0x0F, 0x0A, 0x50, 0xB0,
  0xC0, 0x60, 0x0F, 0x03, 0xC0, 0x60, 0x10, 0x01, 0xD0, 0x90, 0x70, 0xD0, 0xC0, 0x40, 0x05, 0x50, 0x10, 0x01, 0x10, 0x0F,
  0x0F, 0x0F, 0x09, 0xA0, 0xD0, 0x30, 0x01, 0x80, 0xE0, 0xD0, 0xA0, 0x07, 0xC0, 0x90, 0x0F, 0x0F, 0x0F, 0x0C, 0x20, 0xD1,
  0x11, 0x00, 0x21, 0x08, 0x80, 0xE0, 0x60, 0x0F, 0x0F, 0x0F, 0x0C, 0x50, 0xD0, 0x60, 0x0D, 0x90, 0x50, 0x02, 0x10, 0x0F,
  0x0F, 0x0F, 0x09, 0x40, 0x20, 0x0F, 0x0F, 0x0F, 0x0F, 0x0F, 0x0F, 0x0F, 0x0F, 0x0F, 0x0F, 0x0F, 0x0F, 0x0F, 0x0F, 0x0F,
  0x0F, 0x0F, 0x0F, 0x0F, 0x0F, 0x0F, 0x0F, 0x0F, 0x0F, 0x0F, 0x0F, 0x0F, 0x0F, 0x0F, 0x0F, 0x0F, 0x0F, 0x0F, 0x0F, 0x0F,
  0x0F, 0x0F, 0x0F, 0x0F, 0x0F, 0x0F, 0x0F, 0x0F, 0x0F, 0x0F, 0x0F, 0x0F, 0x0F, 0x0F, 0x0F, 0x0F, 0x0F, 0x0F, 0x0F, 0x0F,
  0x0F, 0x0F, 0x0F, 0x0F, 0x0F, 0x0F, 0x0F, 0x0F, 0x0F, 0x0F, 0x0F, 0x0F, 0x0F, 0x0F, 0x0F, 0x0F, 0x0F, 0x0F, 0x0F, 0x0F,
  0x0F, 0x0F, 0x00, 0x0F, 0x0F, 0x0F, 0x0F, 0x0F, 0x0F, 0x0F, 0x0F, 0x0F, 0x0F, 0x0F, 0x0F, 0x0F, 0x0F, 0x0F, 0x0F, 0x0F,
  0x0F, 0x0F, 0x0F, 0x0F, 0x0F, 0x0F, 0x0F, 0x0F, 0x0F, 0x0F, 0x0F, 0x0F, 0x0F, 0x0F, 0x0F, 0x0F, 0x0F, 0x0F, 0x0F, 0x0F,
  0x0F, 0x03, 0x50, 0x20, 0x10, 0x0F, 0x0F, 0x0F, 0x0F, 0x0C, 0x40, 0x50, 0x20, 0x0F, 0x0F, 0x0F, 0x05, 0x30, 0x40, 0x60,
  0x72, 0x40, 0x20, 0x0F, 0x0F, 0x0F, 0x0F, 0x05, 0x80, 0xC0, 0xD0, 0xE1, 0xD0, 0xE3, 0xC0, 0x80, 0x20, 0x0F, 0x0F, 0x0F,
  0x0F, 0x02, 0xA1, 0x80, 0x30, 0x03, 0x30, 0x60, 0xA0, 0xE0, 0xD0, 0x90, 0x30, 0x0F, 0x0F, 0x0F, 0x0F, 0x0B, 0x20, 0x80,
  0xD1, 0x60, 0x06, 0x40, 0x20, 0x10, 0x0F, 0x0F, 0x0F, 0x06, 0x20, 0x30, 0x50, 0x60, 0x50, 0x40, 0x20, 0x04, 0x20, 0xA0,
  0xE0, 0x70, 0x05, 0xA0, 0xC0, 0x90, 0x0F, 0x0F, 0x0F, 0x03, 0x30, 0x80, 0xC0, 0xD0, 0xE0, 0xF1, 0xE1, 0xD0, 0xB0, 0x80,
  0x30, 0x03, 0x90, 0xE0, 0x70, 0x03, 0x10, 0xB0, 0xE0, 0x80, 0x0F, 0x0F, 0x0F, 0x01, 0x20, 0xA0, 0xE4, 0xB0, 0x60, 0x70,
  0x80, 0xA0, 0xD0, 0xE0, 0xD0, 0x90, 0x20, 0x02, 0x90, 0xE0, 0x50, 0x03, 0x50, 0x60, 0x80, 0x0F, 0x0F, 0x0F, 0x00, 0x60,
  0xD0, 0xE0, 0xD1, 0xE1, 0xD0, 0xA0, 0x12, 0x01, 0x60, 0xB0, 0xE0, 0xD0, 0x60, 0x02, 0xB0, 0xC0, 0x20, 0x0F, 0x0F, 0x0F,
  0x05, 0x80, 0xC0, 0xE0, 0xD0, 0xE0, 0xD0, 0x90, 0x40, 0x08, 0x50, 0xC0, 0xE0, 0x80, 0x01, 0x30, 0xD0, 0xA0, 0x10, 0x0F,
  0x0F, 0x0F, 0x03, 0x80, 0xD1, 0xE0, 0xC0, 0x70, 0x0C, 0x20, 0xB0, 0xE0, 0x80, 0x01, 0x70, 0xB0, 0x20, 0x10, 0x0F, 0x0F,
  0x0F, 0x01, 0x70, 0xE0, 0xB0, 0xA0, 0xB0, 0x20, 0x0E, 0x20, 0xB0, 0xE0, 0x60, 0x0F, 0x0F, 0x0F, 0x05, 0x30, 0xD1, 0x10,
  0x0F, 0x02, 0x20, 0xD1, 0x20, 0x0F, 0x0F, 0x0F, 0x04, 0xA0, 0xE0, 0x40, 0x10, 0x02, 0x40, 0x80, 0x90, 0xA1, 0x90, 0x60,
  0x20, 0x08, 0x60, 0xD0, 0x90, 0x08, 0x30, 0x40, 0x10, 0x0F, 0x0F, 0x07, 0x30, 0xD0, 0x90, 0x20, 0x01, 0x70, 0xC0, 0xE1,
  0xF0, 0xE0, 0xF0, 0xE0, 0xF0, 0xD0, 0xA0, 0x30, 0x07, 0xB0, 0xD0, 0x30, 0x06, 0x80, 0xD0, 0xE0, 0xA0, 0x10, 0x0F, 0x0F,
  0x06, 0x80, 0xD0, 0x50, 0x00, 0x40, 0xB0, 0xE0, 0xF1, 0xE0, 0xF3, 0xE0, 0xF0, 0xE0, 0xF0, 0x80, 0x00, 0x10, 0x04, 0x60,
  0xE0, 0x70, 0x06, 0xD0, 0x70, 0x30, 0xC0, 0x50, 0x0F, 0x0F, 0x06, 0xC1, 0x00, 0x60, 0xD0, 0xE0, 0xF1, 0xE0, 0xF3, 0xE0,
  0xF2, 0xE0, 0xF0, 0x90, 0x10, 0x04, 0x10, 0xD0, 0xB0, 0x06, 0xD0, 0x70, 0x20, 0xC0, 0x60, 0x0F, 0x0F, 0x05, 0x20, 0xD0,
  0xA0, 0x40, 0xD0, 0xE0, 0xF3, 0xE0, 0xF3, 0xE0, 0xF3, 0xE0, 0x80, 0x00, 0x10, 0x03, 0xB0, 0xE0, 0x10, 0x05, 0x70, 0xD0,
  0xC1, 0x30, 0x02, 0x30, 0x90, 0x50, 0x0F, 0x0F, 0x40, 0xE0, 0x80, 0xB0, 0xE0, 0xF3, 0xE0, 0xF3, 0xE0, 0xF5, 0xD0, 0x60,
  0x04, 0x90, 0xE0, 0x30, 0x06, 0x41, 0x11, 0x02, 0x60, 0xE0, 0xA0, 0x0F, 0x0F, 0x40, 0xE0, 0xA0, 0xE0, 0xF3, 0xE0, 0xF3,
  0xE0, 0xF7, 0xB0, 0x04, 0x80, 0xE0, 0x40, 0x0E, 0x70, 0x40, 0x0F, 0x0F, 0x40, 0xF0, 0xE0, 0xF0, 0xD0, 0xE0, 0xF0, 0xE0,
  0xF3, 0xE0, 0xF8, 0xE0, 0x50, 0x03, 0x90, 0xF0, 0x40, 0x0F, 0x0F, 0x0F, 0x00, 0x40, 0xF0, 0xE0, 0xD0, 0xFF, 0xF2, 0xA0,
  0x01, 0x20, 0x50, 0xA0, 0xE0, 0x30, 0x0F, 0x0F, 0x0F, 0x00, 0x20, 0xD0, 0xE1, 0xFF, 0xF2, 0xB0, 0x01, 0x70, 0xD0, 0xB0,
  0xC0, 0x10, 0x0F, 0x04, 0x60, 0x90, 0x0F, 0x0A, 0xB0, 0xE0, 0xF0, 0xE0, 0xF3, 0xE0, 0xFC, 0xC0, 0x01, 0x90, 0xD0, 0xB1,
  0x0F, 0x05, 0x80, 0xB0, 0x0F, 0x0A, 0x80, 0xE0, 0xFF, 0xF3, 0xD0, 0x00, 0x20, 0xD0, 0xC0, 0xE0, 0x80, 0x0F, 0x0F, 0x0F,
  0x02, 0x30, 0xD0, 0xE0, 0xFF, 0xF2, 0xC0, 0x00, 0x10, 0x80, 0xB0, 0xE0, 0x80, 0x40, 0x0F, 0x0F, 0x0F, 0x02, 0xA0, 0xE0,
  0xFF, 0xF2, 0xB0, 0x01, 0x60, 0xE0, 0xC2, 0xA0, 0x40, 0x0F, 0x0F, 0x0F, 0x00, 0x40, 0xD0, 0xFF, 0xF2, 0xA0, 0x00, 0x30,
  0xD1, 0x30, 0x10, 0x50, 0xB0, 0xE0, 0x80, 0x20, 0x0B, 0x10, 0x0F, 0x0F, 0x02, 0x70, 0xE0, 0xD0, 0xFF, 0xE0, 0x50, 0x20,
  0xB0, 0xE0, 0x80, 0x03, 0x70, 0xD0, 0xC0, 0x40, 0x0F, 0x0F, 0x0F, 0x90, 0xE0, 0xFF, 0xA0, 0x40, 0xB0, 0xE0, 0x80, 0x00,
  0x50, 0x20, 0x00, 0x10, 0x00, 0x20, 0xB0, 0xD0, 0x60, 0x0F, 0x0F, 0x0F, 0x90, 0xE0, 0xFD, 0xD0, 0x60, 0xC0, 0xE0, 0x80,
  0x01, 0xC1, 0xA0, 0x30, 0x01, 0x20, 0x90, 0xD0, 0x80, 0x0F, 0x0F, 0x0F, 0x80, 0xD0, 0xFB, 0xE0, 0xD0, 0xE0, 0xD0, 0x70,
  0x03, 0x70, 0xC0, 0xE0, 0x50, 0x02, 0x80, 0xE0, 0x80, 0x0A, 0x10, 0x0F, 0x0F, 0x03, 0x30, 0xA0, 0xE0, 0xD0, 0xF8, 0xD0,
  0xF0, 0xA0, 0x40, 0x05, 0x20, 0xA0, 0xE0, 0x50, 0x01, 0x80, 0xD0, 0xE0, 0x90, 0x09, 0x90, 0xD0, 0x20, 0x0F, 0x0C, 0x10,
  0x05, 0x50, 0x90, 0xE1, 0xD0, 0xE1, 0xF0, 0xE1, 0xD0, 0x90, 0x40, 0x10, 0x08, 0xA0, 0xD0, 0x30, 0x90, 0xD0, 0x61, 0xE0,
  0x70, 0x00, 0x10, 0x06, 0x60, 0xA0, 0x10, 0x0F, 0x0D, 0x10, 0x07, 0x40, 0x50, 0x60, 0x50, 0x90, 0xE0, 0x70, 0x0B, 0x10,
  0x00, 0xB0, 0xC0, 0xB0, 0x60, 0x01, 0xA0, 0xC0, 0x0F, 0x0F, 0x0B, 0x31, 0x08, 0x20, 0xD0, 0x60, 0x0D, 0x30, 0xC0, 0xA0,
  0x02, 0xA1, 0x10, 0x0F, 0x0F, 0x0A, 0x90, 0xC0, 0x10, 0x08, 0xA0, 0x90, 0xA0, 0x10, 0x07, 0x80, 0xA0, 0x80, 0x11, 0x60,
  0xD0, 0x90, 0x60, 0xB0, 0xD0, 0x40, 0x10, 0x00, 0x20, 0x90, 0x20, 0x0A, 0x60, 0x40, 0x0F, 0x09, 0x40, 0xD0, 0xB0, 0x08,
  0xA0, 0xC1, 0x50, 0x06, 0x80, 0xE0, 0xB0, 0xE0, 0x80, 0x20, 0x00, 0x90, 0xD0, 0xE0, 0xA0, 0x50, 0x02, 0x20, 0xD0, 0xA0,
  0x0A, 0xE0, 0x90, 0x0F, 0x0A, 0x70, 0xD0, 0x60, 0x10, 0x06, 0x60, 0xD0, 0xB1, 0x06, 0xD0, 0x60, 0x00, 0x50, 0xD0, 0x30,
  0x00, 0x30, 0xE0, 0xD0, 0x30, 0x04, 0x70, 0xD0, 0x70, 0x09, 0x70, 0x50, 0x0C, 0x50, 0x60, 0x0C, 0xA0, 0xC0, 0x30, 0x06,
  0x10, 0xD0, 0x90, 0xD0, 0x60, 0x05, 0xD0, 0x80, 0x00, 0x50, 0xD0, 0x40, 0x10, 0x90, 0xD1, 0xA0, 0x05, 0x90, 0xE0, 0x30,
  0x0F, 0x07, 0x30, 0xA0, 0x0C, 0x20, 0xB1, 0x20, 0x05, 0x10, 0x90, 0xC0, 0xB1, 0x00, 0x10, 0x03, 0x90, 0xE0, 0xB0, 0xC0,
  0xA0, 0x00, 0x90, 0xD0, 0x60, 0x80, 0xD0, 0x20, 0x04, 0x20, 0xC0, 0xB0, 0x10, 0x0F, 0x06, 0x20, 0x40, 0x0D, 0x50, 0xC0,
  0x80, 0x06, 0x50, 0xD0, 0x60, 0xD0, 0xA0, 0xD1, 0x70, 0x02, 0x60, 0xA0, 0x70, 0x20, 0x10, 0xA0, 0x60, 0x00, 0x30, 0xD0,
  0x60, 0x05, 0x50, 0xE0, 0x80, 0x0F, 0x0F, 0x07, 0xA0, 0xD0, 0x50, 0x06, 0xB0, 0xA0, 0x80, 0xE0, 0x80, 0x90, 0xD0, 0x40,
  0x10, 0x09, 0xA1, 0x06, 0x90, 0xD0, 0x40, 0x0F, 0x0F, 0x07, 0xB0, 0xC0, 0x20, 0x05, 0x60, 0xE0, 0xD0, 0xE0, 0xB0, 0x20,
  0xC0, 0x80, 0x0A, 0x60, 0xD0, 0x10, 0x06, 0x90, 0x50, 0x0F, 0x0F, 0x07, 0x40, 0xD0, 0xA0, 0x06, 0xB1, 0x30, 0xC0, 0xA0,
  0xD0, 0x60, 0x00, 0x70, 0xD0, 0x30, 0x06, 0x50, 0xD0, 0x40, 0x0F, 0x0F, 0x0F, 0x01, 0x60, 0xE0, 0x70, 0x20, 0x10, 0x03,
  0x60, 0xE0, 0x61, 0xE0, 0xC0, 0x90, 0xC0, 0xD0, 0x70, 0x00, 0x10, 0xC0, 0x60, 0x00, 0x10, 0x01, 0x60, 0xE0, 0x70, 0x30,
  0x01, 0x10, 0x0F, 0x0F, 0x40, 0xB0, 0x90, 0x0B, 0xA0, 0xD0, 0x20, 0x05, 0x90, 0xD0, 0xE0, 0xD1, 0xE0, 0x80, 0x20, 0x02,
  0xB0, 0xD0, 0x50, 0x01, 0x60, 0xC0, 0xE0, 0xD0, 0xC0, 0x20, 0x30, 0x90, 0x20, 0x0F, 0x0E, 0x40, 0xE0, 0x80, 0x0B, 0x30,
  0xC0, 0xA0, 0x06, 0x40, 0x50, 0x20, 0x40, 0xB1, 0x30, 0x02, 0x30, 0xD0, 0xE0, 0xA0, 0x90, 0xD0, 0xB0, 0x30, 0x20, 0xD0,
  0x50, 0x40, 0xD0, 0x90, 0x10, 0x0F, 0x0E, 0x41, 0x10, 0x0B, 0x50, 0xD0, 0x80, 0x09, 0x30, 0xC1, 0x50, 0x02, 0x90, 0xD0,
  0xE0, 0xD0, 0x60, 0x01, 0x80, 0xD0, 0x30, 0x00, 0x70, 0xE0, 0x60, 0x0F, 0x0F, 0x0E, 0x70, 0x90, 0x0A, 0x30, 0xA0, 0xE0,
  0xA0, 0x41, 0xC0, 0xE0, 0xF0, 0x90, 0x00, 0x40, 0xB0, 0xE0, 0x70, 0x20, 0x10, 0x00, 0x90, 0xA0, 0x0F, 0x0F, 0x0F, 0x0D,
  0x60, 0xB0, 0xE0, 0xD0, 0xE0, 0x90, 0x80, 0xD0, 0xB0, 0xE0, 0xB0, 0x40, 0x04, 0x20, 0x10, 0x0F, 0x0F, 0x0F, 0x0E, 0x40,
  0xC0, 0x70, 0x10, 0x70, 0xD0, 0xB0, 0x70, 0x20, 0x0F, 0x0F, 0x0D, 0x60, 0xB0, 0x90, 0x20, 0x0F, 0x05, 0xC0, 0xA0, 0xC0,
  0xD0, 0x80, 0x0F, 0x0F, 0x0F, 0x50, 0xD0, 0x90, 0xB0, 0xA0, 0x0F, 0x00, 0x30, 0xA0, 0x40, 0x01, 0x60, 0xA1, 0x40, 0x07,
  0x20, 0x50, 0x0F, 0x0F, 0x06, 0x80, 0x90, 0x00, 0x40, 0xC0, 0x10, 0x0F, 0x20, 0xC0, 0xA0, 0x10, 0x0C, 0x50, 0xD0, 0x60,
  0x0F, 0x0F, 0x05, 0x30, 0xC0, 0x60, 0x80, 0xE0, 0x0F, 0x01, 0x50, 0xE0, 0x90, 0x0D, 0x90, 0xA0, 0x10, 0x0F, 0x0F, 0x05,
  0x50, 0xA0, 0xC0, 0x50, 0x0F, 0x02, 0x71, 0x0E, 0x11, 0x0F, 0x0F, 0x0F, 0x0F, 0x0F, 0x0F, 0x0F, 0x0F, 0x0F, 0x0F, 0x0F,
  0x0F, 0x0F, 0x0F, 0x0F, 0x0F, 0x0F, 0x0F, 0x0F, 0x0F, 0x0F, 0x0F, 0x0F, 0x0F, 0x0F, 0x0F, 0x0F, 0x0F, 0x0F, 0x0F, 0x0F,
  0x0F, 0x0F, 0x0F, 0x0F, 0x0F, 0x0F, 0x0F, 0x0F, 0x0F, 0x0F, 0x0F, 0x0F, 0x0F, 0x0F, 0x0F, 0x0F, 0x0F, 0x0F, 0x0F, 0x0F,
  0x0F, 0x0F, 0x0F, 0x0F, 0x0F, 0x0F, 0x0F, 0x0F, 0x0F, 0x0F, 0x0F, 0x0F, 0x0F, 0x0F, 0x0F, 0x0F, 0x0F, 0x0F, 0x0F, 0x0F,
  0x0F, 0x0F, 0x0F, 0x0F, 0x0F, 0x0F, 0x0F, 0x0F, 0x0F, 0x0F, 0x0F, 0x0F, 0x0F, 0x0F, 0x0F, 0x0F, 0x0F, 0x0F, 0x0F, 0x0F,
  0x0F, 0x0F, 0x0F, 0x0F, 0x0F, 0x0F, 0x0F, 0x0F, 0x0F, 0x0F, 0x0F, 0x0F, 0x0E, 0x31, 0x20, 0x10, 0x0F, 0x0F, 0x0F, 0x0F,
  0x0B, 0x40, 0xC0, 0xA0, 0x10, 0x0F, 0x0F, 0x0F, 0x0F, 0x0A, 0x60, 0xC0, 0xA0, 0xB0, 0x20, 0x0F, 0x0F, 0x0F, 0x0F, 0x0A,
  0x40, 0x60, 0x00, 0x90, 0xA0, 0x0F, 0x0F, 0x0F, 0x0A, 0x40, 0x73, 0x40, 0x20, 0x0B, 0x10, 0x60, 0x0F, 0x0F, 0x0F, 0x09,
  0x40, 0xD0, 0xE0, 0xD0, 0xE3, 0xC0, 0x80, 0x20, 0x0F, 0x0F, 0x0F, 0x0F, 0x0A, 0x30, 0x60, 0xA0, 0xE0, 0xD0, 0xA0, 0x30,
  0x0F, 0x0F, 0x0F, 0x0F, 0x0B, 0x10, 0x80, 0xD1, 0x60, 0x0F, 0x0F, 0x0F, 0x0F, 0x00, 0x20, 0x40, 0x50, 0x60, 0x50, 0x40,
  0x20, 0x04, 0x10, 0xA0, 0xE0, 0x70, 0x0B, 0x20, 0xB0, 0x90, 0x20, 0x0F, 0x0F, 0x0C, 0x30, 0x80, 0xC0, 0xD0, 0xE4, 0xD0,
  0xC0, 0x80, 0x30, 0x03, 0x90, 0xE0, 0x70, 0x0A, 0x20, 0xC0, 0xA0, 0x40, 0x0F, 0x0F, 0x0A, 0x20, 0xA0, 0xE1, 0xC0, 0xA0,
  0x80, 0x70, 0x60, 0x70, 0x80, 0xA0, 0xC0, 0xE0, 0xD0, 0x90, 0x20, 0x02, 0x90, 0xD0, 0x50, 0x0A, 0x40, 0x70, 0x0F, 0x0F,
  0x0A, 0x60, 0xD0, 0xE0, 0xD2, 0x50, 0x10, 0x05, 0x50, 0xB0, 0xE0, 0xD0, 0x60, 0x01, 0x10, 0xB0, 0xC0, 0x20, 0x0F, 0x0F,
  0x0F, 0x05, 0x80, 0xE3, 0xC0, 0x80, 0x10, 0x08, 0x50, 0xC0, 0xE0, 0x80, 0x01, 0x40, 0xD0, 0xA0, 0x0F, 0x0F, 0x0F, 0x04,
  0x80, 0xE1, 0xF0, 0xC0, 0x60, 0x0C, 0x20, 0xB0, 0xE0, 0x80, 0x01, 0x70, 0xE0, 0x70, 0x0F, 0x0F, 0x0F, 0x02, 0x70, 0xE2,
  0xA0, 0x10, 0x0E, 0x20, 0xB0, 0xE0, 0x60, 0x01, 0xA0, 0xD0, 0x40, 0x05, 0x90, 0x50, 0x30, 0x0F, 0x0F, 0x07, 0x30, 0xD0,
  0xE1, 0xA0, 0x0F, 0x01, 0x20, 0xC0, 0xD0, 0x20, 0x00, 0x10, 0xB1, 0x10, 0x04, 0xC0, 0xE0, 0x90, 0x0F, 0x0F, 0x07, 0xA0,
  0xE0, 0x80, 0xA0, 0x10, 0x0F, 0x02, 0x60, 0xD0, 0x90, 0x01, 0x40, 0xD0, 0x90, 0x03, 0x30, 0xC0, 0xD0, 0x70, 0x0F, 0x0F,
  0x06, 0x30, 0xD0, 0x90, 0x20, 0x00, 0x10, 0x30, 0x60, 0xA1, 0xB0, 0xA0, 0x80, 0x50, 0x10, 0x09, 0x10, 0xB0, 0xD0, 0x30,
  0x01, 0x70, 0xA0, 0x05, 0x41, 0x0F, 0x0F, 0x06, 0x80, 0xD0, 0x50, 0x10, 0x30, 0x90, 0xD1, 0xF5, 0xC0, 0x70, 0x10, 0x07,
  0x10, 0x30, 0xE0, 0x70, 0x0F, 0x0F, 0x0F, 0x02, 0xC1, 0x10, 0x80, 0xE0, 0xF2, 0xE0, 0xF3, 0xE0, 0xF0, 0xE0, 0xB0, 0x40,
  0x08, 0xD0, 0xB0, 0x05, 0x10, 0x08, 0x10, 0x0F, 0x0F, 0x00, 0x20, 0xD0, 0xA0, 0x90, 0xE1, 0xF3, 0xE0, 0xF3, 0xE0, 0xF0,
  0xE1, 0x50, 0x07, 0xC0, 0xE0, 0x10, 0x05, 0x10, 0x0F, 0x0F, 0x09, 0x40, 0xE0, 0xB0, 0xE1, 0xF3, 0xE0, 0xF3, 0xE0, 0xF3,
  0xC0, 0x40, 0x06, 0x90, 0xE0, 0x30, 0x0F, 0x0F, 0x0F, 0x00, 0x40, 0xD0, 0xE1, 0xF3, 0xE0, 0xF3, 0xE0, 0xF5, 0xB0, 0x10,
  0x04, 0x30, 0x90, 0xE0, 0x40, 0x0F, 0x0F, 0x0F, 0x00, 0x40, 0xF0, 0xD0, 0xE0, 0xD0, 0xE0, 0xF0, 0xE0, 0xF3, 0xE0, 0xF6,
  0xE0, 0x70, 0x10, 0x02, 0x40, 0xD0, 0xA0, 0xF0, 0x40, 0x0A, 0x30, 0x81, 0x20, 0x0F, 0x0F, 0x01, 0x40, 0xF0, 0xE0, 0xD0,
  0xFF, 0xF0, 0xC0, 0x03, 0x60, 0xE0, 0xA0, 0xE0, 0x30, 0x0A, 0xC0, 0xB0, 0xC0, 0xA0, 0x10, 0x0F, 0x0F, 0x00, 0x20, 0xD1,
  0xE0, 0xFF, 0xF0, 0xE0, 0x40, 0x02, 0x70, 0xE0, 0xB0, 0xD0, 0x0A, 0x40, 0xD0, 0x20, 0x10, 0xC0, 0x30, 0x0F, 0x0F, 0x01,
  0xB0, 0xE0, 0xF0, 0xE0, 0xF3, 0xE0, 0xFB, 0x80, 0x02, 0xA0, 0xE0, 0xD0, 0xB0, 0x0B, 0xC0, 0x80, 0x70, 0xC0, 0x30, 0x0F,
  0x0F, 0x01, 0x90, 0xFF, 0xF2, 0xE0, 0x80, 0x02, 0x50, 0x90, 0xE0, 0x80, 0x0B, 0x50, 0xB0, 0xC0, 0x70, 0x03, 0x80, 0xE0,
  0x50, 0x0F, 0x0B, 0x30, 0xD0, 0xE0, 0xFF, 0xF1, 0x90, 0x20, 0x02, 0xB0, 0xE0, 0x30, 0x0F, 0x03, 0x80, 0xE0, 0x70, 0x0F,
  0x0C, 0xA0, 0xE0, 0xFF, 0xF1, 0x90, 0x02, 0x60, 0xE1, 0xC0, 0x90, 0x30, 0x0F, 0x02, 0x30, 0x0F, 0x0D, 0x30, 0xD0, 0xFF,
  0xF0, 0xE0, 0x60, 0x01, 0x30, 0xC0, 0xD0, 0x60, 0x90, 0xD1, 0xA0, 0x20, 0x10, 0x0B, 0x10, 0x0F, 0x0F, 0x02, 0x70, 0xE0,
  0xD0, 0xFE, 0xE0, 0x20, 0x10, 0x00, 0xB0, 0xE0, 0x80, 0x10, 0x01, 0x70, 0xD1, 0x60, 0x0F, 0x0F, 0x0F, 0x00, 0x90, 0xE0,
  0xFE, 0xB0, 0x00, 0x20, 0xB0, 0xE0, 0x70, 0x04, 0x20, 0xA0, 0xD0, 0x80, 0x10, 0x0F, 0x03, 0x40, 0x20, 0x0F, 0x05, 0x10,
  0x01, 0x10, 0x90, 0xE1, 0xF0, 0xE0, 0xF0, 0xE0, 0xF1, 0xE0, 0xF2, 0xE0, 0xF1, 0x51, 0xB0, 0xE0, 0xA0, 0x00, 0x90, 0xC0,
  0x60, 0x10, 0x02, 0x90, 0xD0, 0xA0, 0x20, 0x0F, 0x03, 0x10, 0x0F, 0x06, 0x10, 0x02, 0x70, 0xD0, 0xFB, 0xB0, 0x90, 0xD1,
  0x70, 0x01, 0x30, 0xA0, 0xD0, 0xA0, 0x40, 0x02, 0x50, 0xB1, 0x20, 0x10, 0x09, 0x10, 0x0F, 0x0F, 0x03, 0x30, 0xA0, 0xE0,
  0xD0, 0xF8, 0xE0, 0xF0, 0xA0, 0x40, 0x04, 0x50, 0xB1, 0x70, 0x02, 0x90, 0xD1, 0x30, 0x0F, 0x0F, 0x09, 0x10, 0x05, 0x30,
  0x90, 0xE1, 0xD0, 0xE1, 0xF0, 0xE1, 0xC0, 0x90, 0x40, 0x10, 0x06, 0x20, 0x90, 0xE0, 0x80, 0x00, 0x80, 0xD0, 0x90, 0xC0,
  0xB0, 0x20, 0x0F, 0x0F, 0x09, 0x10, 0x07, 0x40, 0x50, 0x60, 0x50, 0x90, 0xE0, 0x60, 0x0B, 0x10, 0x80, 0xD0, 0xB0, 0xD0,
  0x90, 0x00, 0x30, 0xC0, 0x80, 0x0F, 0x0F, 0x0F, 0x06, 0x20, 0xD0, 0x60, 0x0D, 0x90, 0xD0, 0x60, 0x02, 0xC0, 0x90, 0x0F,
  0x0F, 0x0F, 0x07, 0xA0, 0x90, 0xA0, 0x10, 0x0C, 0xB0, 0xC0, 0x21, 0xA0, 0xD0, 0x40, 0x0F, 0x0F, 0x0F, 0x07, 0xA0, 0xC1,
  0x50, 0x10, 0x04, 0x40, 0xA0, 0xB0, 0x90, 0x20, 0x01, 0x20, 0xD2, 0xC0, 0x50, 0x02, 0x10, 0x0C, 0x10, 0x0F, 0x0F, 0x06,
  0x60, 0xE0, 0xB0, 0xC0, 0x05, 0xC0, 0xD0, 0xA0, 0xE0, 0xA0, 0x02, 0x70, 0xD0, 0xC0, 0x20, 0x05, 0x70, 0x60, 0x07, 0x51,
  0x0F, 0x0F, 0x07, 0x10, 0xC0, 0x90, 0xE0, 0x50, 0x03, 0x60, 0xD0, 0x40, 0x00, 0x90, 0xD0, 0x10, 0x01, 0xB0, 0xC0, 0xD0,
  0x90, 0x05, 0x90, 0xE0, 0x30, 0x06, 0xB0, 0xC0, 0x0F, 0x0D, 0x10, 0x08, 0x10, 0x90, 0xC0, 0xB1, 0x03, 0x60, 0xD0, 0x60,
  0x00, 0x90, 0xD0, 0x10, 0x00, 0x90, 0xD0, 0x40, 0x70, 0xD0, 0x20, 0x04, 0x20, 0xC0, 0xB0, 0x10, 0x05, 0x40, 0x50, 0x0F,
  0x0F, 0x30, 0x60, 0x06, 0x50, 0xD0, 0x60, 0xD0, 0xA0, 0x80, 0x20, 0x01, 0x90, 0xD0, 0xE0, 0xD0, 0x60, 0x00, 0x90, 0xD0,
  0x60, 0x00, 0x20, 0xD0, 0x80, 0x05, 0x50, 0xE0, 0x80, 0x0F, 0x0F, 0x07, 0x70, 0xD0, 0x50, 0x06, 0xC0, 0x91, 0xE1, 0xC0,
  0x30, 0x01, 0x40, 0x70, 0x40, 0x01, 0x41, 0x02, 0x70, 0xC0, 0x20, 0x05, 0x90, 0xE0, 0x50, 0x10, 0x0F, 0x0F, 0x06, 0xB0,
  0xC0, 0x20, 0x05, 0x60, 0xE2, 0xB0, 0xC0, 0x80, 0x10, 0x0A, 0x20, 0xE0, 0x40, 0x06, 0xB0, 0xC0, 0x20, 0x0F, 0x0F, 0x06,
  0x40, 0xD0, 0xA0, 0x06, 0xC0, 0xB0, 0x30, 0xD0, 0xE0, 0x90, 0x01, 0x70, 0xD0, 0x30, 0x07, 0xC0, 0x80, 0x06, 0x20, 0xA0,
  0x20, 0x0F, 0x0F, 0x07, 0x60, 0xE0, 0x70, 0x20, 0x10, 0x03, 0x50, 0xE0, 0x60, 0x70, 0xC0, 0xB0, 0xA0, 0xC0, 0xD0, 0x70,
  0x00, 0x60, 0x90, 0x20, 0x00, 0x10, 0x01, 0x10, 0xD0, 0xA0, 0x20, 0x01, 0x10, 0x0F, 0x0E, 0x40, 0xB0, 0x90, 0x0C, 0xA0,
  0xD0, 0x20, 0x10, 0x04, 0xA0, 0xD1, 0xE0, 0xD0, 0xE0, 0x70, 0x20, 0x01, 0x60, 0xD0, 0x90, 0x02, 0x50, 0xC0, 0xD1, 0xC0,
  0x20, 0x10, 0x0F, 0x0F, 0x20, 0x80, 0x90, 0x0C, 0x30, 0xC0, 0xB0, 0x06, 0x40, 0x50, 0x10, 0x40, 0xD0, 0xB0, 0x03, 0x80,
  0xE0, 0xB0, 0x91, 0xD0, 0xA0, 0x30, 0x10, 0xE0, 0x50, 0x00, 0x60, 0x80, 0x10, 0x0F, 0x0D, 0x30, 0x20, 0x00, 0x10, 0x0B,
  0x50, 0xE0, 0x80, 0x10, 0x08, 0x50, 0xD0, 0xA0, 0x30, 0x01, 0x30, 0xD0, 0xC0, 0xD0, 0xE0, 0x50, 0x01, 0x90, 0xD0, 0x30,
  0x10, 0x70, 0xC0, 0x60, 0x0F, 0x0F, 0x0E, 0x80, 0xE0, 0x50, 0x09, 0x40, 0xD1, 0x80, 0x20, 0x40, 0xD0, 0xE1, 0xA0, 0x10,
  0x40, 0xB0, 0xE0, 0x70, 0x02, 0xA0, 0xD0, 0x30, 0x0F, 0x0F, 0x0D, 0x10, 0xB0, 0xC0, 0x20, 0x09, 0x20, 0x90, 0xD0, 0xE2,
  0xA0, 0x80, 0xE0, 0xB0, 0xE0, 0xB0, 0x40, 0x03, 0x20, 0xD0, 0xB0, 0x10, 0x0F, 0x0F, 0x0D, 0x40, 0xC0, 0xA0, 0x0B, 0x20,
  0x50, 0xE0, 0x70, 0x00, 0x70, 0xD0, 0xA0, 0x70, 0x06, 0x50, 0xE0, 0x50, 0x0F, 0x0F, 0x00, 0x20, 0x10, 0x0B, 0x50, 0xD0,
  0x30, 0x0B, 0x30, 0xD0, 0xA0, 0xB0, 0xD0, 0x70, 0x10, 0x08, 0x60, 0x30, 0x0F, 0x0F, 0x00, 0x80, 0xE0, 0x60, 0x0B, 0x30,
  0x0D, 0x60, 0xA1, 0x40, 0x0F, 0x0F, 0x0D, 0x50, 0xA0, 0x20, 0x0F, 0x0F, 0x07, 0x80, 0x60, 0x0F, 0x0F, 0x03, 0x10, 0x0F,
  0x08, 0xA0, 0x80, 0x0D, 0x90, 0xD0, 0x10, 0x0F, 0x0F, 0x0F, 0x0C, 0x80, 0xE0, 0x50, 0x0D, 0x50, 0x0F, 0x0F, 0x0F, 0x0E,
  0xA0, 0x60, 0x0F, 0x0F, 0x0F, 0x0F, 0x0F, 0x0F, 0x0F, 0x0F, 0x09, 0x20, 0xB0, 0xE0, 0xB0, 0x20, 0x0F, 0x0F, 0x0F, 0x0F,
  0x0A, 0x70, 0x80, 0x30, 0x80, 0xA0, 0x0F, 0x0F, 0x0F, 0x0F, 0x0A, 0x41, 0x00, 0x60, 0xB0, 0x10, 0x0F, 0x0F, 0x0F, 0x0F,
  0x0A, 0x20, 0x00, 0x60, 0x50, 0x0F, 0x0F, 0x0F, 0x0F, 0x0F, 0x0F, 0x0F, 0x0F, 0x0F, 0x0F, 0x0F, 0x0F, 0x0F, 0x0F, 0x0F,
  0x0F, 0x0F, 0x0F, 0x0F, 0x0F, 0x0F, 0x0F, 0x0F, 0x0F, 0x0F, 0x0F, 0x0F, 0x0F, 0x0F, 0x0F, 0x0F, 0x0F, 0x0F, 0x0F, 0x0F,
  0x0F, 0x0F, 0x0F, 0x0F, 0x0F, 0x0F, 0x0F, 0x0F, 0x0F, 0x0F, 0x0F, 0x0F, 0x0F, 0x00, 0x0F, 0x0F, 0x0F, 0x0F, 0x0F, 0x0F,
  0x0F, 0x0F, 0x0F, 0x0F, 0x0F, 0x0F, 0x0F, 0x0F, 0x0F, 0x0F, 0x0F, 0x0F, 0x0F, 0x0F, 0x0F, 0x0F, 0x0F, 0x0F, 0x0F, 0x0F,
  0x0F, 0x0F, 0x0F, 0x0F, 0x0F, 0x0F, 0x0F, 0x0F, 0x0F, 0x0F, 0x0F, 0x0F, 0x0F, 0x0F, 0x0F, 0x0F, 0x0F, 0x0F, 0x0F, 0x0F,
  0x0F, 0x0F, 0x01, 0x20, 0x40, 0x0F, 0x0F, 0x0F, 0x0E, 0x20, 0xC1, 0x80, 0x20, 0x09, 0x40, 0xD0, 0x40, 0x50, 0x90, 0x0F,
  0x0F, 0x0F, 0x0C, 0x70, 0xA0, 0xE0, 0xD0, 0xA0, 0x30, 0x08, 0x90, 0xD1, 0x70, 0x0F, 0x0F, 0x0F, 0x0E, 0x10, 0x80, 0xD1,
  0x60, 0x06, 0x50, 0xC0, 0xE0, 0xB0, 0x0F, 0x0F, 0x0F, 0x05, 0x20, 0x40, 0x50, 0x60, 0x50, 0x40, 0x20, 0x04, 0x10, 0xA0,
  0xE0, 0x70, 0x05, 0x91, 0x40, 0xC0, 0x60, 0x0F, 0x0F, 0x0F, 0x01, 0x30, 0x80, 0xC0, 0xD0, 0xE0, 0xF0, 0xE2, 0xD0, 0xC0,
  0x80, 0x30, 0x03, 0x90, 0xE0, 0x70, 0x07, 0x70, 0x80, 0x0F, 0x0F, 0x0F, 0x20, 0xA0, 0xE1, 0xC0, 0xA0, 0x80, 0x70, 0x60,
  0x70, 0x80, 0xA0, 0xC0, 0xE0, 0xD0, 0x90, 0x20, 0x02, 0x90, 0xD0, 0x50, 0x0F, 0x0F, 0x0F, 0x07, 0x60, 0xD0, 0xE0, 0xA0,
  0x50, 0x08, 0x50, 0xB0, 0xE0, 0xD0, 0x60, 0x01, 0x10, 0xB0, 0xC0, 0x20, 0x0F, 0x0F, 0x0F, 0x05, 0x80, 0xE2, 0x80, 0x10,
  0x0A, 0x50, 0xC0, 0xE0, 0x80, 0x01, 0x40, 0xD0, 0xA0, 0x0F, 0x0F, 0x0F, 0x04, 0x80, 0xE1, 0xF0, 0xC0, 0x40, 0x0C, 0x20,
  0xB0, 0xE0, 0x90, 0x01, 0x70, 0xE0, 0x70, 0x0B, 0x40, 0xB0, 0x90, 0x0F, 0x0F, 0x03, 0x60, 0xE2, 0xA0, 0x10, 0x0E, 0x20,
  0xB0, 0xE0, 0x60, 0x01, 0xA0, 0xD0, 0x40, 0x0A, 0x60, 0xC1, 0x30, 0x0F, 0x0F, 0x01, 0x20, 0xD0, 0xE0, 0xF0, 0xC0, 0x0F,
  0x01, 0x20, 0xC0, 0xD0, 0x20, 0x00, 0x10, 0xB1, 0x10, 0x09, 0x20, 0xA1, 0x10, 0x0F, 0x0F, 0x01, 0xA0, 0xE0, 0xF0, 0xC0,
  0x10, 0x0F, 0x02, 0x60, 0xD0, 0x90, 0x01, 0x40, 0xE0, 0x90, 0x0F, 0x0F, 0x0E, 0x30, 0xE2, 0x60, 0x0F, 0x03, 0x10, 0xB0,
  0xD0, 0x30, 0x01, 0x80, 0xE0, 0x60, 0x0F, 0x0F, 0x0D, 0x80, 0xE0, 0x81, 0x10, 0x00, 0x20, 0x41, 0x20, 0x0E, 0x10, 0x30,
  0xE0, 0x70, 0x02, 0xB0, 0xC0, 0x20, 0x0F, 0x0F, 0x0C, 0xC1, 0x00, 0x40, 0x90, 0xD1, 0xE1, 0xD0, 0xC0, 0xA0, 0x50, 0x0C,
  0x10, 0xD0, 0xB0, 0x02, 0x30, 0xC0, 0xA0, 0x06, 0x40, 0x10, 0x0F, 0x0F, 0x02, 0x20, 0xD0, 0xC0, 0xA0, 0xE0, 0xF4, 0xE0,
  0xF1, 0xE0, 0xC0, 0x40, 0x0B, 0xC0, 0xE0, 0x10, 0x02, 0x60, 0xC0, 0x20, 0x04, 0x20, 0xD1, 0x40, 0x0F, 0x0F, 0x01, 0x40,
  0xE3, 0xF3, 0xE0, 0xF3, 0xE1, 0x70, 0x08, 0x30, 0x50, 0x90, 0xE0, 0x30, 0x0A, 0x60, 0xE0, 0xD0, 0x30, 0x0F, 0x0F, 0x01,
  0x40, 0xD0, 0xE1, 0xF3, 0xE0, 0xF3, 0xE0, 0xF1, 0xE0, 0x80, 0x07, 0x60, 0xE0, 0xA0, 0xE0, 0x40, 0x0A, 0x30, 0x40, 0x90,
  0x40, 0x0F, 0x0F, 0x01, 0x40, 0xF0, 0xD0, 0xE0, 0xD0, 0xE0, 0xF0, 0xE0, 0xF3, 0xE0, 0xF3, 0xE0, 0x50, 0x02, 0x10, 0x02,
  0x30, 0xE0, 0xB0, 0xE0, 0x40, 0x0F, 0x0F, 0x0F, 0x00, 0x40, 0xF0, 0xE0, 0xD0, 0xFD, 0xB0, 0x10, 0x05, 0x60, 0xE0, 0xA0,
  0xE0, 0x30, 0x0F, 0x0F, 0x0F, 0x00, 0x20, 0xD1, 0xE0, 0xFD, 0xE0, 0x70, 0x05, 0x70, 0xF0, 0xC0, 0xE0, 0x0F, 0x0F, 0x0F,
  0x02, 0xB0, 0xE0, 0xF0, 0xE0, 0xF3, 0xE0, 0xF8, 0xC0, 0x05, 0x40, 0xA0, 0xD0, 0xB0, 0x0F, 0x0F, 0x0F, 0x02, 0x90, 0xFF,
  0xF0, 0xE0, 0x20, 0x05, 0x70, 0xE0, 0x80, 0x0F, 0x0F, 0x05, 0x10, 0x0B, 0x30, 0xE1, 0xFE, 0xE0, 0x30, 0x05, 0xB0, 0xE0,
  0x20, 0x0F, 0x00, 0x50, 0x30, 0x0F, 0x02, 0x60, 0x0C, 0xA0, 0xE0, 0xFE, 0xE0, 0x40, 0x04, 0x60, 0xE0, 0xA0, 0x40, 0x0F,
  0xB0, 0xD0, 0xC0, 0x60, 0x0F, 0x01, 0x60, 0x0C, 0x30, 0xD0, 0xFE, 0xE0, 0x50, 0x03, 0x30, 0xC0, 0xE0, 0xD1, 0xA0, 0x50,
  0x01, 0x10, 0x09, 0x70, 0xC0, 0x20, 0x70, 0xC0, 0x10, 0x0F, 0x00, 0x20, 0x0D, 0x60, 0xE0, 0xD0, 0xFC, 0xE0, 0x40, 0x02,
  0x30, 0xB0, 0xE0, 0x80, 0x00, 0x60, 0xC0, 0xD0, 0xA0, 0x20, 0x0A, 0x60, 0xC0, 0x30, 0x60, 0xE0, 0x10, 0x0F, 0x0F, 0x00,
  0x90, 0xE0, 0xFC, 0xD0, 0x10, 0x01, 0x20, 0xB0, 0xE0, 0x90, 0x03, 0x60, 0xC0, 0xD0, 0x50, 0x0A, 0xA0, 0xD1, 0x80, 0x10,
  0x02, 0x70, 0x90, 0x10, 0x0F, 0x07, 0x10, 0x01, 0x10, 0x90, 0xE1, 0xF0, 0xE0, 0xF0, 0xE0, 0xF1, 0xE0, 0xF2, 0xE0, 0xA0,
  0x10, 0x00, 0x50, 0xC0, 0xE0, 0x90, 0x05, 0x30, 0xA0, 0xE0, 0x90, 0x0A, 0x41, 0x04, 0xB0, 0xE0, 0x30, 0x0F, 0x08, 0x10,
  0x02, 0x70, 0xD0, 0xF9, 0xD0, 0x60, 0x50, 0x90, 0xE1, 0x70, 0x01, 0x60, 0x40, 0x04, 0x80, 0xD0, 0x90, 0x01, 0x10, 0x09,
  0x10, 0x02, 0x40, 0x60, 0x0F, 0x0E, 0x30, 0xA0, 0xE0, 0xD0, 0xF6, 0xE0, 0xC0, 0xE0, 0xF0, 0xA0, 0x40, 0x02, 0xB0, 0xE0,
  0x90, 0x20, 0x03, 0x60, 0xE0, 0x90, 0x0F, 0x0F, 0x0B, 0x10, 0x05, 0x30, 0x90, 0xE4, 0xF1, 0xE0, 0xC0, 0x90, 0x40, 0x10,
  0x04, 0x60, 0xC1, 0x60, 0x02, 0x70, 0xE0, 0xC0, 0xA0, 0x10, 0x0F, 0x0F, 0x0A, 0x10, 0x07, 0x40, 0x50, 0x60, 0x50, 0x60,
  0xB1, 0x09, 0x20, 0x90, 0xE0, 0x90, 0x00, 0x70, 0xD0, 0x90, 0x50, 0xD0, 0x90, 0x0F, 0x0F, 0x0F, 0x08, 0x90, 0xB0, 0x0B,
  0x70, 0xD0, 0xC0, 0xD0, 0x90, 0x01, 0xB1, 0x0F, 0x0F, 0x0F, 0x08, 0x60, 0xE0, 0x90, 0x10, 0x0A, 0x60, 0xE0, 0x90, 0x01,
  0x50, 0xD0, 0x60, 0x0F, 0x0D, 0x10, 0x50, 0x40, 0x0F, 0x07, 0x30, 0xE0, 0xD0, 0x50, 0x0B, 0x60, 0xE0, 0xA1, 0xD0, 0xA0,
  0x10, 0x02, 0x10, 0x0C, 0x10, 0x0B, 0x10, 0x20, 0x0F, 0x09, 0xB0, 0xE0, 0xA0, 0x10, 0x03, 0x60, 0xE1, 0xC0, 0x30, 0x02,
  0x80, 0xC0, 0xE0, 0xC0, 0x20, 0x0F, 0x0F, 0x0F, 0x0A, 0x60, 0xE1, 0x50, 0x02, 0x30, 0xD0, 0x90, 0x60, 0xE0, 0xA0, 0x02,
  0x20, 0xC1, 0xD0, 0x90, 0x0F, 0x0F, 0x0F, 0x10, 0x09, 0x20, 0xD0, 0xE0, 0xC0, 0x02, 0x60, 0xD0, 0x10, 0x00, 0x80, 0xD0,
  0x02, 0xB0, 0xE0, 0x30, 0x70, 0xD0, 0x20, 0x0F, 0x0F, 0x0F, 0x0A, 0x90, 0xB0, 0xD0, 0x70, 0x01, 0x40, 0xD0, 0x80, 0x50,
  0xC0, 0xA0, 0x10, 0x40, 0xB0, 0xD0, 0x40, 0x00, 0x20, 0xD0, 0x80, 0x06, 0x20, 0x50, 0x0F, 0x0F, 0x0F, 0x01, 0x50, 0xD0,
  0xA0, 0xE0, 0xD0, 0x60, 0x00, 0x70, 0xE1, 0xB0, 0x30, 0x60, 0xE0, 0xB0, 0x40, 0x02, 0x70, 0xC0, 0x20, 0x05, 0x70, 0xE0,
  0x40, 0x0F, 0x0F, 0x0F, 0x01, 0x90, 0xE0, 0xD0, 0xF0, 0xC0, 0x10, 0x00, 0x20, 0x40, 0x01, 0x40, 0x60, 0x04, 0x20, 0xE0,
  0x40, 0x06, 0xC1, 0x20, 0x0F, 0x0F, 0x0F, 0x00, 0x60, 0xE0, 0x60, 0xC0, 0xD0, 0x50, 0x01, 0x60, 0x30, 0x08, 0xC0, 0x80,
  0x06, 0x40, 0xE0, 0x90, 0x0F, 0x0F, 0x09, 0x21, 0x10, 0x04, 0xA0, 0xD0, 0xA0, 0xD0, 0xA0, 0x90, 0xC0, 0xD0, 0x40, 0x00,
  0x50, 0x90, 0x20, 0x00, 0x10, 0x01, 0x10, 0xD0, 0x90, 0x20, 0x01, 0x10, 0x03, 0x60, 0xE0, 0x60, 0x0F, 0x0F, 0x07, 0x70,
  0xE0, 0x40, 0x05, 0x20, 0xA0, 0xD1, 0xC0, 0xE0, 0xA0, 0x30, 0x01, 0x60, 0xD0, 0x90, 0x02, 0x50, 0xC0, 0xD1, 0xC0, 0x20,
  0x10, 0x05, 0x90, 0x60, 0x0F, 0x0F, 0x07, 0x30, 0xC0, 0xA0, 0x08, 0x20, 0x40, 0xB1, 0x03, 0x80, 0xE0, 0xB0, 0x90, 0xA0,
  0xE0, 0xA0, 0x30, 0x10, 0xE0, 0x50, 0x0F, 0x0F, 0x04, 0x10, 0x0B, 0x50, 0xE0, 0x80, 0x10, 0x08, 0x50, 0xD0, 0xA0, 0x30,
  0x01, 0x30, 0xD0, 0xC0, 0xD0, 0xE0, 0x50, 0x01, 0x90, 0xE0, 0x30, 0x0F, 0x0F, 0x0F, 0x02, 0x80, 0xE0, 0x50, 0x09, 0x40,
  0xD1, 0x80, 0x20, 0x40, 0xD0, 0xE1, 0xA0, 0x10, 0x40, 0xB0, 0xE0, 0x70, 0x02, 0x20, 0x90, 0x20, 0x0F, 0x0F, 0x0D, 0x10,
  0xB0, 0xC0, 0x20, 0x09, 0x20, 0x90, 0xD0, 0xE2, 0xA0, 0x80, 0xE0, 0xB0, 0xE0, 0xB0, 0x40, 0x03, 0x20, 0xD0, 0x90, 0x0F,
  0x0F, 0x50, 0xA0, 0x50, 0x0B, 0x40, 0xC0, 0xA0, 0x0B, 0x20, 0x50, 0xE0, 0x70, 0x00, 0x70, 0xE0, 0xC0, 0x70, 0x10, 0x05,
  0x60, 0xE0, 0x80, 0x0F, 0x0E, 0x60, 0x80, 0xA0, 0x0C, 0x50, 0xE0, 0x80, 0x0B, 0x30, 0xE0, 0xA1, 0xD0, 0x70, 0x10, 0x08,
  0x90, 0xD0, 0x30, 0x0F, 0x0E, 0x60, 0x30, 0x0D, 0x90, 0xD0, 0x40, 0x0B, 0x60, 0xA1, 0x40, 0x0B, 0x80, 0x10, 0x0F, 0x0F,
  0x0E, 0x20, 0xC1, 0x10, 0x0F, 0x0F, 0x0F, 0x0F, 0x0C, 0x50, 0xD0, 0x40, 0x07, 0x20, 0x60, 0x0F, 0x0F, 0x0F, 0x0F, 0x0D,
  0x60, 0xE0, 0x40, 0x10, 0x0F, 0x0F, 0x0F, 0x0F, 0x0C, 0xB0, 0x80, 0x0F, 0x0F, 0x0F, 0x05, 0x20, 0x50, 0x0F, 0x0F, 0x0F,
  0x0F, 0x0E, 0x20, 0x0F, 0x0F, 0x0F, 0x0F, 0x0F, 0x0F, 0x0F, 0x0F, 0x0F, 0x0F, 0x0F, 0x0F, 0x0F, 0x0F, 0x0F, 0x0F, 0x0F,
  0x0F, 0x0F, 0x0F, 0x0F, 0x0F, 0x0F, 0x0F, 0x0F, 0x07, 0x10, 0x0F, 0x0F, 0x0F, 0x0F, 0x0F, 0x0F, 0x0F, 0x0F, 0x0F, 0x0F,
  0x0F, 0x0F, 0x0F, 0x0F, 0x0F, 0x0F, 0x0F, 0x0F, 0x0F, 0x0F, 0x0F, 0x0F, 0x0F, 0x0F, 0x0F, 0x0F, 0x0F, 0x0F, 0x0F, 0x0F,
  0x0F, 0x0F, 0x0F, 0x0F, 0x0F, 0x0F, 0x0F, 0x0E, 0x0F, 0x0F, 0x0F, 0x0F, 0x0F, 0x0F, 0x0F, 0x0F, 0x0F, 0x0F, 0x0F, 0x0F,
  0x0F, 0x0F, 0x0F, 0x0F, 0x0F, 0x0F, 0x0F, 0x0F, 0x0F, 0x0F, 0x0F, 0x0F, 0x0F, 0x0F, 0x0F, 0x0F, 0x0F, 0x0F, 0x0F, 0x0F,
  0x0F, 0x0F, 0x0F, 0x0F, 0x0F, 0x0F, 0x0F, 0x0F, 0x0F, 0x0F, 0x09, 0x40, 0xC0, 0x60, 0x0F, 0x0F, 0x0F, 0x0F, 0x0C, 0x20,
  0xA0, 0x50, 0x08, 0x30, 0x50, 0x10, 0x0F, 0x0F, 0x0F, 0x0F, 0x0C, 0x60, 0xB0, 0x30, 0x0F, 0x0F, 0x0F, 0x0F, 0x0D, 0x30,
  0x0F, 0x0F, 0x0F, 0x0F, 0x0F, 0x0F, 0x0F, 0x0F, 0x03, 0x20, 0x40, 0x50, 0x60, 0x50, 0x40, 0x20, 0x0F, 0x0F, 0x0F, 0x0F,
  0x05, 0x30, 0x80, 0xC0, 0xD0, 0xE0, 0xF0, 0xE0, 0xF0, 0xE0, 0xD0, 0xC0, 0x80, 0x30, 0x0F, 0x0F, 0x0F, 0x0F, 0x00, 0x20,
  0xA0, 0xE1, 0xC0, 0xA0, 0x80, 0x70, 0x60, 0x70, 0x80, 0xA0, 0xC0, 0xE0, 0xD0, 0x90, 0x20, 0x0F, 0x0F, 0x0F, 0x0D, 0x60,
  0xD0, 0xE0, 0xA0, 0x50, 0x10, 0x07, 0x50, 0xB0, 0xE0, 0xD0, 0x60, 0x0F, 0x0F, 0x0F, 0x0B, 0x80, 0xE0, 0xD0, 0x50, 0x10,
  0x0B, 0x50, 0xC0, 0xE0, 0x80, 0x02, 0x70, 0xA0, 0x10, 0x0F, 0x0F, 0x0F, 0x03, 0x80, 0xE0, 0xB0, 0x20, 0x0E, 0x30, 0xB0,
  0xE0, 0x80, 0x01, 0x50, 0xC0, 0x70, 0x08, 0x30, 0x10, 0x0F, 0x0F, 0x07, 0x60, 0xE0, 0xD0, 0x50, 0x10, 0x0F, 0x30, 0xB0,
  0xE0, 0x60, 0x01, 0x90, 0xD0, 0x40, 0x07, 0x90, 0xA0, 0x00, 0x51, 0x0F, 0x0F, 0x03, 0x30, 0xD1, 0xE0, 0xB0, 0x20, 0x0F,
  0x00, 0x20, 0xC0, 0xD0, 0x20, 0x01, 0xB1, 0x10, 0x06, 0x40, 0xD0, 0xB0, 0xE0, 0x80, 0x0F, 0x0F, 0x03, 0xA0, 0xE0, 0xD1,
  0x30, 0x0F, 0x02, 0x60, 0xD0, 0x90, 0x01, 0x30, 0xD0, 0x90, 0x06, 0x40, 0xC0, 0xE0, 0x80, 0x0F, 0x0F, 0x03, 0x30, 0xE2,
  0x80, 0x0F, 0x04, 0xB0, 0xD0, 0x30, 0x01, 0x70, 0xE0, 0x60, 0x05, 0xC0, 0xA1, 0xB0, 0x10, 0x0F, 0x0F, 0x02, 0x80, 0xE0,
  0xC1, 0x10, 0x0F, 0x03, 0x61, 0xE0, 0x70, 0x02, 0xA0, 0xC0, 0x30, 0x07, 0xC0, 0x50, 0x10, 0x0F, 0x0F, 0x01, 0xC0, 0xD1,
  0xB0, 0x0F, 0x04, 0xD0, 0xB0, 0xD0, 0xB0, 0x02, 0x20, 0xC0, 0xA0, 0x10, 0x0F, 0x0F, 0x06, 0x40, 0x20, 0x01, 0x30, 0xD0,
  0xA0, 0x84, 0x50, 0x20, 0x0F, 0xA0, 0xC0, 0xB0, 0xE0, 0x10, 0x02, 0x50, 0xE0, 0x80, 0x0F, 0x0F, 0x06, 0xD0, 0x80, 0x01,
  0x40, 0xE0, 0xC0, 0xD0, 0xF4, 0xD0, 0xC0, 0x60, 0x0D, 0x70, 0xE0, 0xA0, 0xE0, 0x30, 0x03, 0x80, 0xD0, 0x40, 0x0F, 0x0F,
  0x05, 0xD0, 0x90, 0x01, 0x30, 0xF1, 0xD0, 0xF3, 0xD0, 0xF2, 0xA0, 0x40, 0x20, 0x0A, 0x30, 0xE0, 0xB0, 0xE0, 0x40, 0x04,
  0xA0, 0xB0, 0x20, 0x0B, 0x40, 0x80, 0x30, 0x0F, 0x05, 0xD0, 0x90, 0x01, 0x40, 0xF6, 0xD0, 0xF4, 0x60, 0x0A, 0x40, 0xE0,
  0xB0, 0xE0, 0x40, 0x04, 0x20, 0xC0, 0x90, 0x0B, 0xA0, 0xB1, 0x0F, 0x05, 0xC0, 0xA0, 0x01, 0x30, 0xF0, 0xE0, 0xF0, 0xE0,
  0xF8, 0xD0, 0x50, 0x09, 0x30, 0xB1, 0xE0, 0x30, 0x05, 0x60, 0xE0, 0x60, 0x0A, 0x70, 0xC0, 0x90, 0x0F, 0x05, 0xB1, 0x01,
  0x30, 0xD0, 0xE0, 0xF0, 0xE0, 0xF5, 0xD0, 0xF2, 0xC0, 0x20, 0x0A, 0xA0, 0xD0, 0x10, 0x06, 0xA0, 0xD0, 0x40, 0x0F, 0x0A,
  0x30, 0x20, 0x05, 0x80, 0xD0, 0x02, 0xB0, 0xE0, 0xF6, 0xD0, 0xF4, 0x90, 0x0A, 0xD0, 0xB0, 0x00, 0x30, 0x06, 0xC0, 0xA0,
  0x10, 0x0F, 0x08, 0x30, 0x90, 0xC0, 0x30, 0x04, 0x40, 0xE0, 0x60, 0x01, 0x90, 0xF7, 0xD0, 0xF4, 0xC0, 0x20, 0x08, 0x50,
  0xE0, 0xA0, 0xC0, 0xD0, 0x90, 0x05, 0x40, 0xD0, 0x90, 0x0F, 0x0A, 0x91, 0x05, 0xC0, 0xA0, 0x10, 0x00, 0x40, 0xF0, 0xE0,
  0xF7, 0xD0, 0xF2, 0xE0, 0x70, 0x08, 0xB0, 0xE1, 0x90, 0x70, 0xE0, 0x80, 0x05, 0x60, 0xD0, 0x30, 0x06, 0x10, 0x0F, 0x01,
  0x80, 0x90, 0x05, 0x80, 0xD0, 0x20, 0x01, 0xA0, 0xE0, 0xF5, 0xD0, 0xF2, 0xE0, 0xF1, 0xA0, 0x10, 0x06, 0x40, 0xE0, 0xD0,
  0x50, 0x01, 0x80, 0xD0, 0x50, 0x05, 0xA0, 0x60, 0x05, 0x60, 0xD0, 0xA0, 0x0E, 0x10, 0x60, 0xB0, 0x40, 0x05, 0x10, 0xD0,
  0x90, 0x01, 0x30, 0xD1, 0xF8, 0xD0, 0xF1, 0xB0, 0x06, 0x30, 0xC0, 0xD0, 0xE0, 0x60, 0x01, 0x10, 0xA0, 0xC0, 0x30, 0x0C,
  0x80, 0xE0, 0xB0, 0x0F, 0x09, 0x90, 0xD0, 0x30, 0x01, 0x50, 0xE0, 0xD0, 0xF4, 0xD0, 0xF2, 0xE0, 0xF0, 0xB0, 0x10, 0x04,
  0x20, 0xB0, 0xE0, 0x70, 0x80, 0xC0, 0x30, 0x01, 0x20, 0xC0, 0xA0, 0x10, 0x0B, 0x81, 0xA0, 0x10, 0x0F, 0x09, 0xD0, 0xB0,
  0x02, 0x90, 0xE0, 0xF0, 0xE0, 0xF6, 0xD0, 0xF0, 0xB0, 0x04, 0x20, 0xB0, 0xE0, 0x81, 0xC1, 0xA0, 0x20, 0x01, 0x40, 0xE0,
  0x90, 0x0F, 0x0F, 0x09, 0x60, 0xE0, 0x80, 0x02, 0x90, 0xE0, 0xF4, 0xD0, 0xF2, 0xE0, 0xA0, 0x10, 0x02, 0x40, 0xC0, 0xE0,
  0x70, 0x00, 0x30, 0xB1, 0xE0, 0xA0, 0x02, 0x60, 0xE0, 0x60, 0x0F, 0x0F, 0x09, 0x90, 0xE0, 0x60, 0x02, 0x70, 0xC0, 0xF4,
  0xD0, 0xF2, 0x70, 0x01, 0x40, 0xA0, 0xC0, 0xD0, 0x70, 0x02, 0x20, 0xB0, 0xE0, 0xD0, 0x70, 0x02, 0x90, 0xD0, 0x40, 0x0F,
  0x0F, 0x08, 0x20, 0xC0, 0xA0, 0x20, 0x02, 0x20, 0xC0, 0xE0, 0xF6, 0x70, 0x90, 0xC0, 0xE0, 0xD0, 0xA0, 0x50, 0x05, 0xC0,
  0xF1, 0x40, 0x02, 0xB1, 0x20, 0x0F, 0x0F, 0x08, 0x60, 0xE0, 0x80, 0x04, 0x40, 0x90, 0xC0, 0xE2, 0xF3, 0xC0, 0x90, 0x40,
  0x03, 0xB0, 0x80, 0x01, 0x30, 0xC0, 0xE0, 0xC0, 0x20, 0x01, 0x30, 0xD0, 0xA0, 0x10, 0x0F, 0x0D, 0x40, 0xB0, 0xC0, 0x90,
  0x06, 0x60, 0xD0, 0x30, 0x06, 0x30, 0x50, 0x63, 0xB0, 0xA0, 0x10, 0x04, 0x90, 0xD0, 0x40, 0x01, 0x70, 0xE0, 0xF0, 0xA0,
  0x10, 0x01, 0x40, 0xF0, 0x50, 0x10, 0x0F, 0x0C, 0xB0, 0x80, 0x50, 0xC0, 0x70, 0x05, 0x10, 0x60, 0x10, 0x0C, 0x70, 0xC0,
  0x10, 0x05, 0xB1, 0x20, 0x01, 0x90, 0xD0, 0xE0, 0x80, 0x01, 0x70, 0xE0, 0x30, 0x0A, 0x30, 0xB0, 0xE0, 0x80, 0x10, 0x0D,
  0xB0, 0x10, 0x00, 0x70, 0xC0, 0x10, 0x0F, 0x04, 0x40, 0xE0, 0x50, 0x10, 0x04, 0x40, 0xE0, 0x50, 0x01, 0x40, 0xE0, 0xF0,
  0xE0, 0x60, 0xA0, 0xC0, 0x80, 0x0B, 0xA0, 0xB0, 0x60, 0xE0, 0x70, 0x0D, 0x60, 0x90, 0x60, 0xB0, 0x90, 0x0F, 0x06, 0xB0,
  0x90, 0x05, 0x10, 0x60, 0xD0, 0x40, 0x50, 0xD0, 0xB0, 0xD1, 0xE0, 0xD0, 0x70, 0x0C, 0xB0, 0x80, 0x00, 0x91, 0x0E, 0x80,
  0xB0, 0xA0, 0x0F, 0x07, 0x80, 0xC0, 0x10, 0x06, 0xB0, 0xC0, 0xD0, 0xC0, 0x20, 0x60, 0xD0, 0xB1, 0x0D, 0x60, 0xC0, 0x90,
  0xD0, 0x70, 0x0F, 0x0F, 0x09, 0x30, 0xD0, 0x60, 0x01, 0x30, 0xA0, 0xB1, 0x30, 0x50, 0xE0, 0x90, 0x02, 0xB0, 0xA0, 0xE0,
  0x30, 0x0D, 0x40, 0x80, 0x60, 0x09, 0x10, 0x0F, 0x0F, 0x00, 0xA0, 0xB0, 0x01, 0xB0, 0xC0, 0x80, 0xC0, 0xB0, 0x00, 0x90,
  0xD0, 0x30, 0x01, 0xC0, 0x90, 0xD0, 0x80, 0x0F, 0x0F, 0x0F, 0x0C, 0x40, 0xD0, 0x70, 0x30, 0xE0, 0x50, 0x10, 0x50, 0xC0,
  0x20, 0x00, 0xB1, 0x80, 0xC0, 0xD0, 0x40, 0xA0, 0xB0, 0x0F, 0x0F, 0x0F, 0x0D, 0x90, 0xC0, 0x30, 0xD0, 0x90, 0x00, 0x90,
  0xD0, 0x10, 0x00, 0x30, 0xA0, 0xB1, 0x50, 0x00, 0x70, 0xC0, 0x10, 0x0F, 0x0F, 0x0F, 0x0C, 0x20, 0xC0, 0xA0, 0x80, 0xC0,
  0xE0, 0xD0, 0x70, 0x07, 0x60, 0xD0, 0x10, 0x0F, 0x0F, 0x0F, 0x0D, 0x40, 0xD0, 0xB0, 0x40, 0x60, 0x30, 0x08, 0x20, 0xD0,
  0x30, 0x0F, 0x0F, 0x0F, 0x0E, 0x40, 0xC0, 0xE0, 0xD0, 0xB0, 0x20, 0x07, 0x40, 0xD0, 0x30, 0x0F, 0x0F, 0x03, 0x30, 0x70,
  0x90, 0x0F, 0x08, 0x20, 0x60, 0xA0, 0xC0, 0xB0, 0x20, 0x06, 0xB0, 0xE0, 0x80, 0x0A, 0x90, 0x30, 0x0F, 0x06, 0x20, 0xC0,
  0x90, 0x0F, 0x0B, 0x30, 0xC0, 0xD0, 0x60, 0x01, 0x10, 0x00, 0x30, 0xB0, 0xE1, 0xD0, 0xC0, 0x09, 0xC0, 0xA0, 0x10, 0x0F,
  0x06, 0x30, 0x80, 0x0F, 0x0C, 0x30, 0xA0, 0xC0, 0xA0, 0x50, 0x00, 0x60, 0xD1, 0x60, 0x00, 0x50, 0xD0, 0x40, 0x20, 0x07,
  0x40, 0xD0, 0x80, 0x0F, 0x0F, 0x0F, 0x07, 0x60, 0xC0, 0xE0, 0xC0, 0xE0, 0xA0, 0x30, 0x01, 0xA0, 0xD0, 0x20, 0x09, 0x80,
  0xE0, 0x30, 0x0F, 0x0F, 0x0F, 0x08, 0x60, 0xE0, 0xA0, 0x10, 0x00, 0x30, 0xB0, 0xE0, 0x70, 0x0B, 0x90, 0x30, 0x0F, 0x0F,
  0x09, 0x50, 0x0D, 0x30, 0xE0, 0x50, 0x00, 0x90, 0xD0, 0xC0, 0x40, 0x0F, 0x0F, 0x0F, 0x07, 0x40, 0xE0, 0x70, 0x0D, 0xB0,
  0xD2, 0x70, 0x10, 0x0F, 0x0F, 0x0F, 0x09, 0x80, 0xD0, 0x30, 0x0C, 0x20, 0x61, 0x30, 0x0A, 0x60, 0xA0, 0x0F, 0x0F, 0x0F,
  0xC0, 0xD0, 0x10, 0x0F, 0x0A, 0x20, 0xD0, 0xA0, 0x0F, 0x0F, 0x0E, 0x50, 0xE0, 0x90, 0x0F, 0x0B, 0x70, 0xC0, 0x60, 0x01,
  0x10, 0x0F, 0x0F, 0x0B, 0x90, 0xE0, 0x60, 0x0F, 0x0B, 0xA0, 0x60, 0x01, 0x10, 0x0F, 0x0F, 0x0C, 0xB0, 0xE0, 0x30, 0x0F,
  0x0F, 0x0F, 0x0F, 0x0C, 0x20, 0xD0, 0xB0, 0x0F, 0x0F, 0x0F, 0x0F, 0x0D, 0x60, 0xE0, 0x70, 0x0F, 0x0F, 0x0F, 0x0F, 0x0D,
  0x81, 0x0F, 0x0F, 0x0F, 0x0F, 0x0F, 0x08, 0x30, 0x70, 0x0F, 0x0F, 0x0F, 0x0F, 0x0D, 0x40, 0xD0, 0x50, 0x10, 0x0F, 0x0F,
  0x0F, 0x0F, 0x0C, 0x30, 0x20, 0x0F, 0x0F, 0x0F, 0x0F, 0x0F, 0x0F, 0x0F, 0x0F, 0x0F, 0x0F, 0x0F, 0x0F, 0x0F, 0x0F, 0x0F,
  0x0F, 0x0F, 0x0F, 0x0F, 0x0F, 0x0F, 0x0F, 0x0F, 0x0F, 0x0F, 0x0F, 0x0F, 0x0F, 0x0F, 0x0F, 0x0F, 0x0F, 0x0F, 0x0F, 0x0F,
  0x0F, 0x0F, 0x0F, 0x0F, 0x0F, 0x0F, 0x0B, 0x0F, 0x0F, 0x0F, 0x0F, 0x0F, 0x0F, 0x0F, 0x0F, 0x0F, 0x0F, 0x0F, 0x0F, 0x0F,
  0x0F, 0x0F, 0x0F, 0x0F, 0x0F, 0x0F, 0x0F, 0x0F, 0x0F, 0x0F, 0x0F, 0x0F, 0x0F, 0x0F, 0x0F, 0x0F, 0x0F, 0x0F, 0x0F, 0x0F,
  0x0F, 0x0F, 0x0F, 0x0F, 0x0F, 0x0F, 0x0F, 0x0F, 0x0F, 0x0D, 0x90, 0xA0, 0x10, 0x0F, 0x0F, 0x0F, 0x0F, 0x0C, 0xC0, 0xD0,
  0x30, 0x0F, 0x0F, 0x0F, 0x0F, 0x0C, 0x20, 0x50, 0x0F, 0x0F, 0x0F, 0x0F, 0x0F, 0x0F, 0x0F, 0x0F, 0x0F, 0x0F, 0x0F, 0x0F,
  0x0F, 0x0B, 0x20, 0x40, 0x50, 0x60, 0x50, 0x40, 0x20, 0x0F, 0x0F, 0x0F, 0x0F, 0x05, 0x30, 0x80, 0xC0, 0xD0, 0xE0, 0xF0,
  0xE0, 0xF0, 0xE0, 0xD0, 0xC0, 0x80, 0x30, 0x0F, 0x0F, 0x0F, 0x0F, 0x00, 0x20, 0xA0, 0xE1, 0xC0, 0xA0, 0x80, 0x70, 0x60,
  0x70, 0x80, 0xA0, 0xC0, 0xE0, 0xD0, 0x90, 0x20, 0x08, 0x10, 0x0F, 0x0F, 0x0F, 0x03, 0x60, 0xD0, 0xE0, 0xA0, 0x50, 0x10,
  0x07, 0x50, 0xB0, 0xE0, 0xD0, 0x60, 0x06, 0x70, 0xC0, 0x40, 0x0F, 0x0F, 0x0F, 0x01, 0x80, 0xE0, 0xD0, 0x50, 0x10, 0x0B,
  0x50, 0xC0, 0xE0, 0x80, 0x05, 0x50, 0xB0, 0x30, 0x08, 0x80, 0xA0, 0x10, 0x0F, 0x0F, 0x04, 0x80, 0xE0, 0xB0, 0x20, 0x0E,
  0x60, 0xB0, 0xE0, 0x80, 0x0F, 0x00, 0x90, 0xE0, 0x30, 0x0F, 0x0F, 0x03, 0x60, 0xE0, 0xB0, 0x00, 0x10, 0x0E, 0xD0, 0xC0,
  0xB0, 0xE0, 0x50, 0x0F, 0x30, 0x50, 0x0F, 0x0F, 0x03, 0x30, 0xD0, 0xC0, 0x20, 0x00, 0x20, 0x0E, 0x70, 0xE0, 0xB0, 0xD0,
  0xC0, 0x20, 0x0F, 0x0F, 0x0F, 0x04, 0xA0, 0xE0, 0x90, 0x80, 0x0F, 0x01, 0x80, 0xE0, 0x90, 0xE0, 0x90, 0x0F, 0x0F, 0x0F,
  0x03, 0x30, 0xE0, 0xC0, 0xD0, 0xA0, 0x0F, 0x01, 0x10, 0xC1, 0xB0, 0xD0, 0x30, 0x02, 0xC0, 0x60, 0x0F, 0x0F, 0x0D, 0x80,
  0xE0, 0xB0, 0xD0, 0x20, 0x0F, 0x02, 0x60, 0xE0, 0x90, 0xE0, 0x70, 0x02, 0xA0, 0xC0, 0x30, 0x09, 0x10, 0x0F, 0x0F, 0x01,
  0xC0, 0xD1, 0xC0, 0x0F, 0x04, 0xC0, 0xB0, 0xD0, 0xB0, 0x02, 0x20, 0xC0, 0xA0, 0x10, 0x0F, 0x0F, 0x0A, 0x20, 0xD0, 0xB0,
  0xC0, 0x80, 0x0F, 0x04, 0x90, 0xC0, 0xB0, 0xD0, 0x03, 0x50, 0xE0, 0x80, 0x0F, 0x0F, 0x06, 0x10, 0x02, 0x40, 0xE0, 0xC0,
  0xB1, 0x80, 0x50, 0x0F, 0x02, 0x10, 0x20, 0x90, 0xE0, 0x20, 0x03, 0x80, 0xD0, 0x40, 0x08, 0x30, 0x0F, 0x0F, 0x30, 0xE2,
  0xF2, 0xC0, 0x80, 0x20, 0x03, 0x20, 0x0C, 0x80, 0xE0, 0x40, 0x04, 0xA0, 0xB0, 0x20, 0x07, 0xC0, 0x70, 0x00, 0x80, 0x40,
  0x0F, 0x0B, 0x40, 0xF6, 0xE0, 0xC0, 0x60, 0x0F, 0x00, 0x80, 0xE0, 0x40, 0x04, 0x20, 0xC0, 0x90, 0x07, 0x50, 0xD0, 0xC0,
  0xD0, 0x50, 0x0F, 0x0B, 0x30, 0xF0, 0xE0, 0xF0, 0xE0, 0xF4, 0xE0, 0x90, 0x0D, 0x10, 0x00, 0x90, 0xE0, 0x30, 0x05, 0x60,
  0xE0, 0x60, 0x06, 0x70, 0xE1, 0x40, 0x0F, 0x0C, 0x30, 0xD0, 0xE0, 0xF0, 0xE0, 0xF5, 0xE0, 0x90, 0x0E, 0xA0, 0xD0, 0x07,
  0xA0, 0xD0, 0x40, 0x04, 0x30, 0xC0, 0x80, 0xC0, 0x90, 0x0F, 0x09, 0x50, 0x02, 0xB0, 0xE0, 0xF6, 0xD0, 0xF0, 0xE0, 0x60,
  0x0D, 0xD0, 0xB0, 0x40, 0x60, 0x20, 0x05, 0xC0, 0xA0, 0x10, 0x06, 0x40, 0xB0, 0x20, 0x0F, 0x07, 0x30, 0xE0, 0x60, 0x01,
  0x90, 0xF7, 0xD0, 0xF1, 0xD0, 0x20, 0x0B, 0x50, 0xD0, 0xC0, 0xD0, 0xE0, 0xB0, 0x20, 0x04, 0x40, 0xD0, 0x90, 0x0F, 0x0F,
  0x02, 0xC0, 0xA0, 0x10, 0x00, 0x40, 0xF0, 0xE0, 0xF7, 0xD0, 0xF0, 0x90, 0x0B, 0xB0, 0xF0, 0xD0, 0x70, 0x30, 0xC0, 0xA0,
  0x10, 0x04, 0x60, 0xD0, 0x50, 0x0F, 0x0F, 0x01, 0x80, 0xD0, 0x20, 0x01, 0xA0, 0xE0, 0xF5, 0xD0, 0xF2, 0xD0, 0x20, 0x01,
  0x10, 0x06, 0x70, 0xE0, 0xB0, 0x30, 0x01, 0x40, 0xD0, 0x80, 0x05, 0x90, 0xC0, 0x20, 0x0F, 0x0F, 0x00, 0x10, 0xD0, 0x90,
  0x01, 0x30, 0xD1, 0xF8, 0xE0, 0x70, 0x08, 0x30, 0xC0, 0xE0, 0x40, 0x03, 0x60, 0xD0, 0x70, 0x04, 0x20, 0xC0, 0x80, 0x0F,
  0x0F, 0x01, 0x90, 0xD0, 0x30, 0x01, 0x50, 0xE0, 0xD0, 0xF4, 0xD0, 0xF2, 0x90, 0x01, 0x10, 0x04, 0x20, 0xB0, 0xE0, 0xC0,
  0x50, 0x04, 0x80, 0xD0, 0x50, 0x04, 0x60, 0xD0, 0x60, 0x0B, 0x30, 0x0F, 0x04, 0xD0, 0xB0, 0x02, 0x90, 0xE0, 0xF0, 0xE0,
  0xF6, 0xB0, 0x06, 0x20, 0xB0, 0xE0, 0x80, 0xA0, 0xC0, 0x40, 0x04, 0x80, 0xD0, 0x20, 0x04, 0x90, 0xD0, 0x30, 0x0A, 0x30,
  0x0F, 0x04, 0x60, 0xE0, 0x80, 0x02, 0x90, 0xE0, 0xF4, 0xD0, 0xF1, 0xB0, 0x05, 0x40, 0xC0, 0xF0, 0x90, 0x00, 0x20, 0xB1,
  0x20, 0x03, 0x20, 0xB0, 0xA0, 0x10, 0x04, 0xB0, 0xA0, 0x0F, 0x09, 0x20, 0x61, 0x20, 0x03, 0x90, 0xE0, 0x60, 0x02, 0x70,
  0xC0, 0xF4, 0xD0, 0xF0, 0xB0, 0x03, 0x40, 0xA0, 0xC0, 0xD0, 0x80, 0xC0, 0x80, 0x00, 0x30, 0xE0, 0xA0, 0x10, 0x03, 0x40,
  0xD0, 0x80, 0x04, 0x30, 0x80, 0x0F, 0x09, 0xA0, 0xD0, 0xC0, 0xB0, 0x03, 0x20, 0xC0, 0xA0, 0x20, 0x02, 0x20, 0xC0, 0xE0,
  0xF4, 0xB0, 0x60, 0x70, 0x90, 0xC0, 0xE0, 0xD0, 0xA0, 0x50, 0x00, 0x70, 0xE0, 0x80, 0x00, 0x60, 0xD0, 0x80, 0x04, 0x70,
  0xE0, 0x70, 0x0F, 0x0E, 0x20, 0xC0, 0x21, 0xD0, 0x60, 0x03, 0x60, 0xE0, 0x80, 0x04, 0x40, 0x90, 0xC0, 0xE4, 0xF1, 0xC0,
  0x90, 0x40, 0x03, 0x80, 0xD0, 0x60, 0x00, 0x80, 0xD0, 0x50, 0x04, 0x80, 0xE0, 0x40, 0x0F, 0x0E, 0xC0, 0x50, 0x20, 0xC0,
  0x60, 0x04, 0x60, 0xD0, 0x70, 0x06, 0x30, 0x50, 0x63, 0xB0, 0xA0, 0x10, 0x01, 0x11, 0x01, 0x80, 0xE0, 0x40, 0x00, 0xA0,
  0xD0, 0x40, 0x04, 0xD0, 0x70, 0x0D, 0x90, 0x80, 0x60, 0x0D, 0x70, 0xC0, 0xD0, 0xC0, 0x10, 0x05, 0xA0, 0xD0, 0x20, 0x0B,
  0x70, 0xC0, 0x10, 0x01, 0x80, 0xB0, 0x10, 0x01, 0xC1, 0x40, 0x00, 0xB1, 0x20, 0x01, 0x10, 0x90, 0xD0, 0x60, 0x0D, 0xC1,
  0x60, 0x0E, 0x20, 0x40, 0x10, 0x06, 0x30, 0xD0, 0xB0, 0x0B, 0x40, 0xE0, 0x50, 0x10, 0x00, 0x40, 0xD0, 0x80, 0x01, 0x20,
  0xC0, 0xB0, 0x00, 0x30, 0xC0, 0x80, 0x00, 0x40, 0xB0, 0xD0, 0x50, 0x0E, 0x81, 0x70, 0x0F, 0x09, 0x60, 0xD0, 0x70, 0x0B,
  0xB0, 0x90, 0x02, 0x70, 0xD0, 0x50, 0x01, 0x40, 0xD0, 0x90, 0x00, 0x60, 0xD0, 0xB0, 0xD0, 0xB0, 0x30, 0x0F, 0x0F, 0x0D,
  0x90, 0xD0, 0x30, 0x0A, 0x80, 0xC0, 0x10, 0x01, 0x10, 0xB0, 0xA0, 0x01, 0x30, 0xB0, 0xE0, 0x50, 0x00, 0x50, 0xA0, 0xD0,
  0x50, 0x0F, 0x0F, 0x0F, 0xB1, 0x20, 0x09, 0x30, 0xD0, 0x60, 0x02, 0x40, 0xD0, 0x80, 0x40, 0xB0, 0xD0, 0xB0, 0xC0, 0x21,
  0xC0, 0xB1, 0x0F, 0x0F, 0x0F, 0x50, 0xD0, 0x90, 0x0A, 0xA0, 0xB0, 0x00, 0x60, 0xB0, 0xA1, 0xD0, 0xE0, 0xB0, 0x30, 0x20,
  0xB0, 0xA0, 0x10, 0xC0, 0xB0, 0xF0, 0x40, 0x0F, 0x0F, 0x0F, 0x80, 0xE0, 0x60, 0x09, 0x40, 0xD0, 0x90, 0xD0, 0xB0, 0xA0,
  0xE1, 0xC0, 0x20, 0x01, 0x90, 0xB0, 0x00, 0x60, 0xD0, 0xB0, 0xA0, 0x0F, 0x0F, 0x05, 0x80, 0xD0, 0xC0, 0x80, 0x06, 0xB0,
  0xD0, 0x30, 0x09, 0xA0, 0xE0, 0xC0, 0x01, 0xB0, 0xA0, 0xD0, 0x80, 0x01, 0xA0, 0xD0, 0x01, 0xD0, 0xA0, 0xD0, 0x0F, 0x0F,
  0x04, 0x30, 0xC0, 0x60, 0x50, 0xD0, 0x60, 0x05, 0x20, 0xC0, 0xB0, 0x10, 0x08, 0x20, 0xC0, 0xD0, 0x30, 0x20, 0xC0, 0x81,
  0xD0, 0xA0, 0xB0, 0xF0, 0x40, 0x01, 0xB1, 0xD0, 0x50, 0x0F, 0x0F, 0x03, 0x30, 0xD0, 0x01, 0xB0, 0x90, 0x06, 0x50, 0xD0,
  0x90, 0x09, 0x40, 0xC0, 0xE1, 0xC0, 0x20, 0x00, 0x70, 0xB0, 0xA0, 0x60, 0x02, 0x70, 0xC0, 0xE0, 0x60, 0x0F, 0x01, 0x10,
  0x0F, 0x01, 0xB0, 0xA0, 0x80, 0xC0, 0x80, 0x07, 0x90, 0xC0, 0x0A, 0x40, 0xB0, 0xE0, 0xB0, 0xA0, 0x10, 0x06, 0x50, 0xD0,
  0xE0, 0xB0, 0xA0, 0x70, 0x0F, 0x0F, 0x02, 0x30, 0xA0, 0xB0, 0x80, 0x09, 0x30, 0x08, 0x10, 0x01, 0x30, 0x60, 0xA0, 0xC0,
  0xB0, 0x20, 0x05, 0x80, 0xD0, 0xF1, 0xA0, 0xD0, 0x70, 0x0F, 0x0F, 0x0F, 0x0F, 0x40, 0xC0, 0xD0, 0x60, 0x01, 0x10, 0x00,
  0x40, 0xD0, 0xE1, 0xD0, 0xB0, 0xC0, 0x90, 0x0F, 0x0F, 0x0F, 0x0F, 0x00, 0x30, 0xA0, 0xC0, 0xA0, 0x50, 0x00, 0x60, 0xD1,
  0x70, 0x10, 0x50, 0xD0, 0xE0, 0x40, 0x08, 0x71, 0x0F, 0x0F, 0x0F, 0x07, 0x60, 0xC0, 0xE0, 0xC1, 0xA0, 0x30, 0x01, 0xA0,
  0xE0, 0x70, 0x09, 0x80, 0xE0, 0x40, 0x0F, 0x0F, 0x0F, 0x08, 0x60, 0xE0, 0xA0, 0x10, 0x00, 0x30, 0xB0, 0xD0, 0x60, 0x0B,
  0xC1, 0x20, 0x0F, 0x0F, 0x0F, 0x07, 0x30, 0xE0, 0x50, 0x00, 0x90, 0xD0, 0xC0, 0x40, 0x0C, 0x40, 0x80, 0x0F, 0x0F, 0x0F,
  0x09, 0xB0, 0xD2, 0x80, 0x10, 0x0F, 0x0F, 0x0F, 0x0F, 0x09, 0x20, 0x61, 0x30, 0x0F, 0x0F, 0x0C, 0x30, 0x60, 0x80, 0x0F,
  0x0F, 0x0B, 0x81, 0x0F, 0x0F, 0x50, 0x30, 0x0F, 0x0F, 0x0B, 0x70, 0xC0, 0x60, 0x01, 0x10, 0x0F, 0x0B, 0x10, 0x0E, 0x20,
  0xB0, 0x60, 0x0F, 0x0B, 0xA0, 0x60, 0x01, 0x10, 0x0F, 0x0F, 0x0C, 0xA0, 0xE0, 0x30, 0x0F, 0x0F, 0x0F, 0x0F, 0x0C, 0x30,
  0xC0, 0xA0, 0x10, 0x0F, 0x0F, 0x0F, 0x0F, 0x0C, 0x60, 0xE0, 0x60, 0x0F, 0x0F, 0x0F, 0x0F, 0x0D, 0xA0, 0xE0, 0x40, 0x0F,
  0x0F, 0x0F, 0x0F, 0x0C, 0x30, 0xA0, 0x60, 0x0F, 0x0F, 0x0F, 0x0F, 0x0F, 0x0F, 0x0F, 0x0F, 0x0F, 0x0F, 0x0F, 0x0F, 0x0F,
  0x0F, 0x0F, 0x0F, 0x0F, 0x0F, 0x0F, 0x0F, 0x0F, 0x0F, 0x0F, 0x0F, 0x0F, 0x0F, 0x0F, 0x0F, 0x0F, 0x0F, 0x0F, 0x0F, 0x0F,
  0x0F, 0x0F, 0x0F, 0x0F, 0x0F, 0x0F, 0x0F, 0x0F, 0x0F, 0x0F, 0x0F, 0x0F, 0x0F, 0x0F, 0x0F, 0x0F, 0x0F, 0x0F, 0x0F, 0x06,
  0x0F, 0x0F, 0x0F, 0x0F, 0x0F, 0x0F, 0x0F, 0x0F, 0x0F, 0x0F, 0x0F, 0x0F, 0x0F, 0x0F, 0x0F, 0x0F, 0x0F, 0x0F, 0x0F, 0x0F,
  0x0F, 0x0F, 0x0F, 0x0F, 0x0F, 0x0F, 0x0F, 0x0F, 0x0F, 0x0F, 0x0F, 0x0F, 0x0F, 0x0F, 0x0F, 0x0F, 0x0F, 0x0F, 0x0F, 0x0F,
  0x0F, 0x0F, 0x0F, 0x04, 0x20, 0x10, 0x0F, 0x0F, 0x0F, 0x05, 0x20, 0x40, 0x71, 0x80, 0x70, 0x40, 0x20, 0x0E, 0x90, 0xA0,
  0x90, 0x60, 0x0F, 0x0F, 0x0F, 0x02, 0x90, 0xC0, 0xE7, 0xC0, 0x90, 0x30, 0x0A, 0x20, 0xC0, 0x30, 0x10, 0xA0, 0x20, 0x0F,
  0x0F, 0x0F, 0x01, 0xA1, 0x70, 0x40, 0x03, 0x30, 0x70, 0xB0, 0xD0, 0xE0, 0xA0, 0x30, 0x08, 0x20, 0xC0, 0x60, 0x40, 0xC0,
  0x30, 0x0F, 0x0F, 0x0F, 0x0D, 0x80, 0xD1, 0x60, 0x08, 0x70, 0xD1, 0x90, 0x0F, 0x0F, 0x0F, 0x03, 0x20, 0x40, 0x60, 0x70,
  0x60, 0x40, 0x20, 0x04, 0x20, 0xB0, 0xD0, 0x70, 0x0F, 0x0F, 0x0F, 0x0C, 0x20, 0x80, 0xC0, 0xD0, 0xE5, 0xC0, 0x90, 0x40,
  0x03, 0xA0, 0xE0, 0x80, 0x0F, 0x0F, 0x0F, 0x09, 0x20, 0x90, 0xD0, 0xE0, 0xC0, 0xA0, 0x80, 0x60, 0x51, 0x70, 0xB0, 0xC0,
  0xE1, 0xA0, 0x40, 0x02, 0xA0, 0xE0, 0x50, 0x0F, 0x0F, 0x0F, 0x07, 0x50, 0xC0, 0xE0, 0xB0, 0x50, 0x08, 0x20, 0x90, 0xE1,
  0x80, 0x10, 0x01, 0xB0, 0xA0, 0x0F, 0x0F, 0x0F, 0x06, 0x70, 0xE0, 0xD0, 0x60, 0x0C, 0x40, 0xB0, 0xE0, 0xA0, 0x10, 0x09,
  0x90, 0x60, 0x0F, 0x0F, 0x0C, 0x70, 0xE0, 0xB0, 0x20, 0x0E, 0x60, 0xA0, 0xE0, 0xA0, 0x10, 0x07, 0x50, 0xE0, 0xD0, 0x0F,
  0x0F, 0x0B, 0x50, 0xE0, 0xC0, 0x10, 0x0F, 0xD1, 0x90, 0xE0, 0x80, 0x10, 0x07, 0x90, 0x60, 0x0F, 0x0F, 0x0A, 0x20, 0xD1,
  0x30, 0x0F, 0x00, 0x50, 0xD1, 0xB0, 0xE0, 0x50, 0x0F, 0x0F, 0x0F, 0x04, 0x90, 0xE0, 0x70, 0x0F, 0x02, 0x70, 0xE0, 0x80,
  0xE0, 0xB0, 0x0F, 0x0F, 0x0F, 0x03, 0x20, 0xD1, 0xA0, 0x40, 0x0F, 0x02, 0xB0, 0xD0, 0x90, 0xE0, 0x50, 0x0F, 0x0F, 0x0F,
  0x02, 0x70, 0xE0, 0xA0, 0xE0, 0x50, 0x0F, 0x02, 0x70, 0xD0, 0x60, 0xE0, 0xA0, 0x0F, 0x0F, 0x0F, 0x02, 0xA0, 0xD0, 0xC1,
  0x0F, 0x04, 0x20, 0x10, 0xB0, 0xD0, 0x0F, 0x0F, 0x0F, 0x02, 0xD2, 0xA0, 0x0F, 0x06, 0x90, 0xE0, 0x30, 0x07, 0x80, 0x90,
  0x0F, 0x0F, 0x07, 0xD0, 0xA0, 0x80, 0x60, 0x0F, 0x06, 0x70, 0xE0, 0x50, 0x07, 0x90, 0xB0, 0x10, 0x08, 0x50, 0x40, 0x0F,
  0x0A, 0x20, 0xD0, 0xA0, 0x0F, 0x08, 0x50, 0xE0, 0x50, 0x0F, 0x02, 0x20, 0xD0, 0xB0, 0x0F, 0x0A, 0x20, 0xD0, 0xA0, 0x30,
  0x0F, 0x07, 0x50, 0xE0, 0x60, 0x0F, 0x03, 0x70, 0x40, 0x0F, 0x0B, 0xD0, 0xE1, 0xB0, 0x70, 0x10, 0x0F, 0x04, 0x70, 0xF0,
  0x60, 0x0F, 0x0F, 0x0F, 0x01, 0xC0, 0xF2, 0xE0, 0xB0, 0x40, 0x0F, 0x03, 0xA0, 0xE0, 0x30, 0x0F, 0x0F, 0x0F, 0x01, 0xA0,
  0xF1, 0xE0, 0xF1, 0xE0, 0x70, 0x0F, 0x02, 0xB0, 0xD0, 0x0F, 0x0F, 0x0F, 0x02, 0x50, 0xE0, 0xF4, 0xE0, 0x70, 0x0F, 0x00,
  0x20, 0xE0, 0xB0, 0x0F, 0x0F, 0x0F, 0x02, 0x20, 0xC0, 0xF4, 0xE0, 0xF0, 0x50, 0x0F, 0xA0, 0xE0, 0x51, 0x30, 0x10, 0x0F,
  0x0F, 0x0F, 0x00, 0x70, 0xF1, 0xE0, 0xF2, 0xE0, 0xC0, 0x20, 0x0D, 0x40, 0xE1, 0xD2, 0x50, 0x0F, 0x0F, 0x0F, 0x00, 0x20,
  0xD0, 0xF5, 0xE0, 0x70, 0x0D, 0xB0, 0xE1, 0x80, 0x20, 0xA0, 0xD0, 0x30, 0x0F, 0x0F, 0x0F, 0x00, 0x40, 0xE1, 0xF1, 0xE0,
  0xF1, 0xD0, 0x10, 0x0B, 0xA0, 0xE0, 0xB0, 0x40, 0x01, 0x20, 0xE0, 0xB0, 0x10, 0x0F, 0x01, 0x40, 0x90, 0x10, 0x0F, 0x0B,
  0x70, 0xF5, 0xE0, 0x50, 0x09, 0x20, 0xA0, 0xE0, 0xA0, 0x04, 0x30, 0xD0, 0xA0, 0x10, 0x0F, 0x01, 0xD0, 0x90, 0x61, 0x0F,
  0x0A, 0x70, 0xE0, 0xF1, 0xE0, 0xF1, 0x90, 0x08, 0x50, 0xC0, 0xE0, 0xA0, 0x10, 0x05, 0x50, 0xE0, 0x90, 0x0F, 0x01, 0x70,
  0xF0, 0xB0, 0x20, 0x10, 0x0F, 0x0A, 0x50, 0xE0, 0xC0, 0xF2, 0xB0, 0x06, 0x40, 0x90, 0xD0, 0xE0, 0x80, 0x08, 0x70, 0xE0,
  0x70, 0x07, 0x20, 0x50, 0x05, 0x70, 0xD0, 0xA0, 0xB0, 0x10, 0x0F, 0x0C, 0x20, 0x90, 0xC0, 0xF1, 0xD0, 0x80, 0x71, 0x60,
  0x70, 0x90, 0xB0, 0xD0, 0xE0, 0xD0, 0xE0, 0x50, 0x09, 0x90, 0xD0, 0x60, 0x06, 0x50, 0xD0, 0x50, 0x04, 0x51, 0x00, 0x90,
  0x60, 0x0F, 0x0E, 0x30, 0x80, 0xB0, 0xE1, 0xF2, 0xE0, 0xF0, 0xD0, 0x90, 0x50, 0x90, 0xE0, 0xD0, 0x40, 0x09, 0x90, 0xD0,
  0x50, 0x06, 0xB1, 0x10, 0x07, 0x40, 0x0B, 0x20, 0x30, 0x10, 0x0F, 0x02, 0x20, 0x51, 0x60, 0x70, 0x50, 0xA0, 0xD0, 0x60,
  0x00, 0x30, 0xD0, 0xF0, 0xC0, 0x30, 0x09, 0xB0, 0xD0, 0x30, 0x05, 0x20, 0xD0, 0xA0, 0x0F, 0x04, 0x30, 0xC0, 0x90, 0x0F,
  0x08, 0x70, 0xF0, 0xC0, 0x01, 0x60, 0xE0, 0xF0, 0xC0, 0x30, 0x10, 0x07, 0x20, 0xC0, 0xA0, 0x10, 0x05, 0x50, 0xD0, 0x60,
  0x0F, 0x03, 0x20, 0x90, 0x80, 0x10, 0x0F, 0x07, 0x30, 0xD0, 0xE0, 0x70, 0x01, 0x90, 0xE1, 0xC0, 0x10, 0x07, 0x20, 0xC0,
  0xA0, 0x10, 0x06, 0x90, 0xD0, 0x30, 0x0F, 0x0F, 0x01, 0x51, 0x0B, 0xB0, 0xD0, 0xE0, 0x10, 0x01, 0xA0, 0xE1, 0x90, 0x06,
  0x40, 0xC1, 0x30, 0x08, 0xB1, 0x20, 0x0F, 0x0F, 0x00, 0x80, 0xD0, 0x40, 0x0A, 0x70, 0xE0, 0xD0, 0x80, 0x01, 0x20, 0xC0,
  0xD0, 0xE0, 0x80, 0x04, 0x70, 0xE0, 0xB0, 0x30, 0x09, 0x20, 0xD0, 0x90, 0x0F, 0x0F, 0x01, 0xB0, 0xC0, 0x10, 0x09, 0x30,
  0xD0, 0x90, 0xD0, 0x40, 0x01, 0x50, 0xD0, 0xC0, 0xE0, 0x60, 0x01, 0x30, 0xB0, 0xE0, 0xC0, 0x30, 0x0B, 0x70, 0xF0, 0x50,
  0x0F, 0x0F, 0x00, 0x50, 0xD0, 0x90, 0x0A, 0x90, 0xC1, 0xA0, 0x10, 0x01, 0xA0, 0xD0, 0xB0, 0xD0, 0x60, 0x80, 0xD1, 0x40,
  0xE0, 0x90, 0x0C, 0xA0, 0xC0, 0x20, 0x0F, 0x08, 0xB0, 0xD0, 0xE0, 0x50, 0x03, 0x90, 0xE0, 0x50, 0x09, 0x40, 0xE0, 0xA0,
  0xE0, 0x80, 0x40, 0xB0, 0xD0, 0xA0, 0xD0, 0xA0, 0xD1, 0xB0, 0xD0, 0x20, 0x80, 0xD0, 0x20, 0x0B, 0x20, 0xA0, 0x10, 0x0F,
  0x07, 0x70, 0xD0, 0x40, 0x80, 0xD0, 0x04, 0xA0, 0xC0, 0x30, 0x09, 0x90, 0xE2, 0xD0, 0xC0, 0x50, 0x00, 0xB1, 0x30, 0x00,
  0x20, 0xD0, 0x90, 0x30, 0xD0, 0x50, 0x0F, 0x0F, 0x06, 0x70, 0xD0, 0x00, 0x20, 0xD0, 0x10, 0x03, 0x20, 0xD0, 0xB0, 0x09,
  0x30, 0xC0, 0xD0, 0xE1, 0x20, 0x01, 0x50, 0xC0, 0x30, 0x10, 0x00, 0x80, 0xD0, 0x10, 0xC0, 0xA0, 0x0F, 0x0F, 0x06, 0x20,
  0xB1, 0xC0, 0xB0, 0x05, 0x50, 0xE0, 0xA0, 0x09, 0x50, 0xD0, 0xE1, 0x90, 0x01, 0x80, 0xD0, 0x20, 0x01, 0x30, 0xE0, 0x60,
  0xB1, 0x0F, 0x0F, 0x07, 0x40, 0x90, 0x80, 0x20, 0x06, 0x70, 0xD0, 0x50, 0x09, 0x40, 0xE0, 0xF0, 0xE0, 0xC0, 0xB0, 0xE0,
  0x90, 0x03, 0xC0, 0xB0, 0xA0, 0xB0, 0x41, 0x0F, 0x0F, 0x0F, 0x01, 0xB1, 0x30, 0x09, 0x20, 0x60, 0xA0, 0xE0, 0xC0, 0x60,
  0x04, 0xB2, 0xE1, 0xF0, 0xA0, 0x0F, 0x0F, 0x0F, 0x00, 0x40, 0xD0, 0x90, 0x0C, 0x70, 0xD0, 0xA0, 0x10, 0x03, 0xA0, 0xE2,
  0xB0, 0x60, 0xD0, 0x10, 0x0F, 0x0F, 0x0F, 0x00, 0x70, 0xE0, 0x60, 0x0C, 0x70, 0xC1, 0x70, 0x01, 0x60, 0xE0, 0xF0, 0x80,
  0x60, 0xD0, 0xC1, 0x20, 0x0F, 0x0F, 0x0F, 0x01, 0xA0, 0xE0, 0x40, 0x0C, 0x20, 0x80, 0xD1, 0xB0, 0xD0, 0xA0, 0x40, 0x00,
  0x20, 0xC0, 0xF0, 0x60, 0x0F, 0x0F, 0x0F, 0x02, 0x20, 0xD0, 0xB0, 0x10, 0x0D, 0x20, 0xB0, 0xD0, 0x90, 0x01, 0x30, 0xB0,
  0xD0, 0x40, 0x0F, 0x0F, 0x0A, 0x70, 0xB0, 0xA0, 0x20, 0x05, 0x50, 0xE0, 0xA0, 0x0E, 0xD0, 0x90, 0x01, 0x60, 0xD1, 0x40,
  0x0F, 0x0F, 0x0A, 0x70, 0xD0, 0x80, 0xB1, 0x06, 0x90, 0xD0, 0x50, 0x0D, 0xB0, 0xC0, 0x80, 0xB0, 0xE0, 0xA0, 0x01, 0x90,
  0x20, 0x0F, 0x0F, 0x08, 0x91, 0x00, 0x20, 0xC0, 0x30, 0x06, 0xB0, 0xA0, 0x0D, 0x30, 0xC0, 0xE0, 0xB0, 0x50, 0x02, 0xC0,
  0xA0, 0x0F, 0x0F, 0x08, 0x50, 0xB0, 0x30, 0x50, 0xC0, 0x30, 0x0F, 0x0E, 0x40, 0xE0, 0x60, 0x0F, 0x0F, 0x08, 0x70, 0xB0,
  0xC0, 0x80, 0x0F, 0x0F, 0x00, 0x40, 0x30, 0x10, 0x0F, 0x0F, 0x0F, 0x0F, 0x0F, 0x0F, 0x0F, 0x0F, 0x0F, 0x0F, 0x0F, 0x0F,
  0x0F, 0x0F, 0x0F, 0x0F, 0x0F, 0x0F, 0x0F, 0x0F, 0x0F, 0x0F, 0x0F, 0x0F, 0x0F, 0x0F, 0x0F, 0x0F, 0x0F, 0x0F, 0x0F, 0x0F,
  0x0F, 0x0F, 0x0F, 0x0F, 0x0F, 0x0F, 0x0C, 0x31, 0x10, 0x0F, 0x0F, 0x0F, 0x0F, 0x0C, 0x70, 0xC0, 0x30, 0x0F, 0x0F, 0x0F,
  0x0F, 0x0C, 0x20, 0x60, 0x30, 0x0F, 0x0F, 0x0F, 0x0F, 0x0F, 0x0F, 0x0F, 0x0F, 0x0F, 0x0F, 0x0F, 0x0F, 0x0F, 0x0F, 0x0F,
  0x0F, 0x0F, 0x0F, 0x0F, 0x0F, 0x0F, 0x0F, 0x0F, 0x0F, 0x0F, 0x0F, 0x0F, 0x0F, 0x0F, 0x0F, 0x0F, 0x0F, 0x03, 0x0F, 0x0F,
  0x0F, 0x0F, 0x0F, 0x0F, 0x0F, 0x0F, 0x0F, 0x0F, 0x0F, 0x0F, 0x0F, 0x0F, 0x0F, 0x0F, 0x0F, 0x0F, 0x0F, 0x0F, 0x0F, 0x0F,
  0x0F, 0x0F, 0x0F, 0x0F, 0x0F, 0x0F, 0x0F, 0x0F, 0x0F, 0x0F, 0x07, 0x70, 0xB0, 0x70, 0x03, 0x31, 0x10, 0x0F, 0x0F, 0x0F,
  0x0F, 0x05, 0xB0, 0xC1, 0x03, 0x70, 0xD0, 0xA0, 0x10, 0x0F, 0x0F, 0x0F, 0x0F, 0x04, 0x50, 0xB0, 0x90, 0x03, 0x90, 0xE0,
  0xA0, 0x0F, 0x0F, 0x0F, 0x0A, 0x20, 0x40, 0x71, 0x80, 0x70, 0x40, 0x20, 0x09, 0x20, 0x30, 0x70, 0x0F, 0x0F, 0x0F, 0x08,
  0x90, 0xC0, 0xE7, 0xC0, 0x90, 0x30, 0x0F, 0x0F, 0x0F, 0x0F, 0x02, 0xA1, 0x70, 0x40, 0x03, 0x30, 0x70, 0xB0, 0xC0, 0xE0,
  0xA0, 0x30, 0x10, 0x0F, 0x0F, 0x0F, 0x0F, 0x0B, 0x80, 0xD1, 0x60, 0x0C, 0x70, 0x20, 0x0F, 0x0F, 0x0F, 0x01, 0x20, 0x40,
  0x60, 0x70, 0x60, 0x40, 0x20, 0x04, 0x30, 0xB0, 0xE0, 0x70, 0x0A, 0xB0, 0xC1, 0x60, 0x0F, 0x0F, 0x0D, 0x30, 0x70, 0xC1,
  0xE5, 0xC0, 0x90, 0x40, 0x03, 0xA0, 0xE0, 0x70, 0x08, 0x60, 0xC0, 0x10, 0x20, 0xB0, 0x10, 0x0F, 0x0F, 0x0A, 0x20, 0xB0,
  0xE1, 0xC0, 0xA0, 0x80, 0x60, 0x51, 0x80, 0xB0, 0xC0, 0xE1, 0xB0, 0x40, 0x02, 0xA0, 0xE0, 0x50, 0x07, 0x40, 0xC0, 0x51,
  0xC0, 0x10, 0x0F, 0x0F, 0x09, 0x60, 0xD0, 0xE0, 0xA0, 0x40, 0x08, 0x30, 0xA0, 0xE1, 0x80, 0x10, 0x01, 0xB0, 0xC0, 0x20,
  0x07, 0x80, 0xD0, 0xE0, 0x80, 0x0F, 0x0F, 0x09, 0x90, 0xE0, 0xC0, 0x50, 0x0A, 0x50, 0xE0, 0xA0, 0xB0, 0xE0, 0x90, 0x10,
  0x00, 0x30, 0xD0, 0xA0, 0x0F, 0x0F, 0x0F, 0x04, 0x80, 0xE0, 0xB0, 0x20, 0x0B, 0x20, 0x90, 0xE0, 0xC0, 0x90, 0xE0, 0xB0,
  0x01, 0x70, 0xB0, 0x10, 0x0F, 0x0F, 0x0F, 0x02, 0x60, 0xE0, 0xA0, 0x0F, 0x70, 0xD1, 0xA0, 0xE0, 0x80, 0x0F, 0x0F, 0x0F,
  0x05, 0x30, 0xD1, 0x30, 0x0F, 0x00, 0x40, 0xE0, 0xC0, 0xB0, 0xE0, 0x40, 0x0F, 0x0F, 0x0F, 0x04, 0x90, 0xE0, 0x60, 0x0F,
  0x02, 0x70, 0xD0, 0x90, 0xE0, 0xA0, 0x10, 0x08, 0x20, 0x90, 0x40, 0x0F, 0x0F, 0x06, 0x30, 0xD0, 0xB0, 0x0F, 0x04, 0x80,
  0x50, 0xA0, 0xE0, 0x40, 0x08, 0x70, 0xF0, 0xB0, 0x0F, 0x0F, 0x06, 0x80, 0xE0, 0x70, 0x30, 0x0F, 0x05, 0x40, 0xC0, 0x90,
  0x08, 0x40, 0x90, 0x60, 0x0F, 0x0F, 0x06, 0xB0, 0xE0, 0xC0, 0xB0, 0x0F, 0x06, 0xC1, 0x10, 0x0F, 0x0F, 0x0F, 0x01, 0xD1,
  0xE0, 0xA0, 0x0F, 0x06, 0xA0, 0xE0, 0x20, 0x0F, 0x0F, 0x0F, 0x00, 0x30, 0xD0, 0xA0, 0xE0, 0x80, 0x0F, 0x06, 0x80, 0xE0,
  0x40, 0x0F, 0x0F, 0x0F, 0x00, 0x30, 0xE0, 0x90, 0xA0, 0x40, 0x0F, 0x06, 0x80, 0xE0, 0x60, 0x0F, 0x0F, 0x0F, 0x00, 0x30,
  0xE0, 0x80, 0x10, 0x0F, 0x07, 0x60, 0xE0, 0x70, 0x0F, 0x0F, 0x0F, 0x00, 0x20, 0xE0, 0xA0, 0x0F, 0x08, 0x80, 0xE0, 0x40,
  0x0A, 0x90, 0x80, 0x0F, 0x0F, 0x04, 0xD0, 0xC0, 0x0F, 0x08, 0xB0, 0xD0, 0x10, 0x0A, 0xB0, 0xA0, 0x09, 0x60, 0x10, 0x0F,
  0x08, 0xA0, 0xE0, 0xB0, 0x70, 0x0F, 0x06, 0xC1, 0x0F, 0x06, 0x40, 0xE0, 0x70, 0x0F, 0x08, 0x70, 0xD0, 0xF0, 0xE0, 0xA0,
  0x0F, 0x04, 0x40, 0xE0, 0x90, 0x0F, 0x07, 0x70, 0x30, 0x10, 0x0F, 0x07, 0x20, 0xD0, 0xF2, 0xB0, 0x20, 0x0F, 0x02, 0xA0,
  0xE0, 0x40, 0x0F, 0x0F, 0x0F, 0x03, 0x90, 0xE0, 0xF2, 0xA0, 0x10, 0x0F, 0x00, 0x50, 0xE0, 0xC2, 0x70, 0x0F, 0x0F, 0x0F,
  0x01, 0x20, 0xC0, 0xF3, 0x80, 0x0F, 0x30, 0xC0, 0xE0, 0xF0, 0x91, 0xE0, 0x70, 0x0F, 0x0F, 0x0F, 0x01, 0x50, 0xE0, 0xF3,
  0x30, 0x0D, 0x20, 0xB0, 0xE0, 0xB0, 0x40, 0x01, 0x90, 0xD0, 0x50, 0x0F, 0x0F, 0x0F, 0x01, 0x80, 0xE0, 0xF2, 0x90, 0x10,
  0x0B, 0x30, 0xB0, 0xE0, 0x90, 0x04, 0x90, 0xE0, 0x40, 0x0F, 0x0F, 0x0F, 0x01, 0x80, 0xE0, 0xF1, 0xD0, 0x10, 0x0A, 0x50,
  0xC0, 0xE0, 0x90, 0x05, 0x30, 0xB0, 0xC0, 0x20, 0x0F, 0x0F, 0x0F, 0x01, 0x60, 0xD0, 0xF0, 0xE0, 0x90, 0x10, 0x07, 0x60,
  0xA0, 0xE0, 0xD0, 0x70, 0x10, 0x06, 0x30, 0xC0, 0xB0, 0x0F, 0x0F, 0x00, 0x40, 0x0F, 0x00, 0x20, 0x90, 0xE1, 0xB0, 0xA0,
  0x70, 0x80, 0x62, 0xA0, 0xC1, 0xE0, 0xD0, 0x50, 0x09, 0x40, 0xC0, 0x90, 0x0F, 0x02, 0x30, 0x70, 0x0A, 0x40, 0x0F, 0x02,
  0x30, 0x80, 0xB0, 0xD0, 0xE1, 0xF0, 0xE2, 0xC0, 0x90, 0x60, 0xD0, 0xA0, 0x10, 0x09, 0x70, 0xF0, 0x80, 0x0F, 0x02, 0x90,
  0x30, 0x0F, 0x0F, 0x00, 0x20, 0x51, 0x61, 0x90, 0xB0, 0x00, 0x60, 0x90, 0x50, 0xC0, 0x90, 0x0A, 0x80, 0xE0, 0x70, 0x10,
  0x0F, 0x00, 0x50, 0x70, 0x0F, 0x0F, 0x05, 0x70, 0xC0, 0x00, 0x50, 0xD0, 0x80, 0x70, 0xD0, 0x80, 0x0A, 0x90, 0xE0, 0x40,
  0x07, 0x80, 0x50, 0x05, 0x80, 0xB0, 0x40, 0x0F, 0x0F, 0x05, 0x60, 0xD0, 0x10, 0x00, 0x80, 0xE0, 0x50, 0x80, 0xE0, 0x70,
  0x09, 0x40, 0xE0, 0x70, 0x07, 0x90, 0xE0, 0x40, 0x04, 0x40, 0x30, 0x0F, 0x0F, 0x06, 0x20, 0xD0, 0x70, 0x10, 0x00, 0xA0,
  0xC0, 0x30, 0xA0, 0xD0, 0x50, 0x07, 0x40, 0xE0, 0xB0, 0x10, 0x08, 0xB1, 0x20, 0x0F, 0x04, 0x31, 0x20, 0x0F, 0x05, 0xB1,
  0x01, 0x20, 0xD0, 0xB0, 0x10, 0xA0, 0xC0, 0x40, 0x05, 0x80, 0xE0, 0xB0, 0x20, 0x09, 0x40, 0xD0, 0x80, 0x10, 0x0F, 0x03,
  0x60, 0xE0, 0xA0, 0x0F, 0x05, 0x60, 0xD0, 0x30, 0x01, 0x50, 0xD0, 0x90, 0x30, 0xB1, 0x20, 0x02, 0x30, 0xB0, 0xD0, 0xC1,
  0x10, 0x0A, 0x70, 0xD0, 0x50, 0x0F, 0x03, 0x50, 0xB0, 0x70, 0x0A, 0xB0, 0x90, 0x08, 0x20, 0xC0, 0xB0, 0x02, 0x70, 0xD0,
  0x50, 0x30, 0xD0, 0xB0, 0x10, 0x00, 0x70, 0xD0, 0xC0, 0x40, 0x20, 0xE0, 0x50, 0x0B, 0xA0, 0xC0, 0x10, 0x0F, 0x04, 0x30,
  0x0A, 0x80, 0xE0, 0x50, 0x08, 0x70, 0xD0, 0x40, 0x02, 0xA0, 0xE0, 0x41, 0xE0, 0xB0, 0xC0, 0xD0, 0xB0, 0xC0, 0x20, 0x00,
  0xB0, 0xA0, 0x10, 0x0A, 0x20, 0xC0, 0x90, 0x0F, 0x0F, 0x01, 0xA0, 0xC0, 0x40, 0x08, 0xB0, 0xA0, 0x10, 0x70, 0xB0, 0xD1,
  0xA0, 0x10, 0x50, 0xA0, 0x90, 0x40, 0x20, 0xC0, 0x80, 0x00, 0x70, 0xC0, 0x10, 0x0B, 0x50, 0xE0, 0x60, 0x0F, 0x0F, 0x00,
  0x40, 0xC0, 0xB0, 0x08, 0x70, 0xE1, 0xD0, 0xB0, 0x60, 0x30, 0xD0, 0xA0, 0x04, 0x90, 0xE0, 0x10, 0x30, 0xD0, 0x50, 0x0C,
  0x60, 0x40, 0x0F, 0x0B, 0x20, 0x04, 0x50, 0xE0, 0x90, 0x08, 0x90, 0xD0, 0x30, 0x10, 0x01, 0x60, 0xD0, 0x30, 0x10, 0x02,
  0x30, 0xE0, 0x50, 0x00, 0xE0, 0x60, 0x0F, 0x0F, 0x08, 0x30, 0xA0, 0xD0, 0xC0, 0x50, 0x03, 0x90, 0xE0, 0x40, 0x07, 0x20,
  0xC0, 0xA0, 0x10, 0x01, 0x50, 0xC0, 0x30, 0x04, 0xC0, 0xA0, 0x10, 0xE0, 0x70, 0x30, 0x0F, 0x0F, 0x07, 0xB1, 0x30, 0x90,
  0xB0, 0x10, 0x02, 0x20, 0xB0, 0xC0, 0x20, 0x07, 0x30, 0xE0, 0xD0, 0x81, 0xC0, 0xB0, 0x05, 0xC0, 0xA0, 0x70, 0xE1, 0xD0,
  0x90, 0x10, 0x0F, 0x0F, 0x05, 0xA1, 0x00, 0x50, 0xC0, 0x04, 0x30, 0xD0, 0x90, 0x08, 0x20, 0x90, 0xC1, 0xB0, 0xD0, 0x80,
  0x04, 0xB0, 0xD0, 0xE0, 0xA0, 0x40, 0x70, 0xD0, 0x20, 0x0F, 0x0F, 0x05, 0x40, 0xC0, 0xB0, 0xD0, 0x80, 0x05, 0x80, 0xE0,
  0x70, 0x0C, 0x80, 0xD0, 0xB0, 0x60, 0x01, 0x60, 0xE1, 0xC0, 0xD0, 0x60, 0xA0, 0xC0, 0x10, 0x0F, 0x0F, 0x06, 0x30, 0x80,
  0x70, 0x07, 0xA0, 0xD0, 0x30, 0x0C, 0x30, 0xA0, 0xE0, 0xC0, 0xA0, 0xE0, 0xA0, 0x30, 0x00, 0xC1, 0xD0, 0x70, 0x0F, 0x0F,
  0x0F, 0x02, 0x20, 0xC0, 0xB0, 0x0E, 0x30, 0xC1, 0x80, 0x01, 0x30, 0xD0, 0xA0, 0x40, 0x0F, 0x0F, 0x0F, 0x04, 0x50, 0xD0,
  0x90, 0x0E, 0xD0, 0x80, 0x01, 0x70, 0xD0, 0xA0, 0x40, 0x0F, 0x0F, 0x0F, 0x06, 0x90, 0xE0, 0x40, 0x0D, 0xB0, 0xC0, 0x80,
  0xB0, 0xE0, 0x90, 0x10, 0x0F, 0x0F, 0x0F, 0x08, 0xB0, 0xC0, 0x20, 0x0C, 0x50, 0xC1, 0xD0, 0x40, 0x02, 0x50, 0x90, 0x0F,
  0x0F, 0x0F, 0x05, 0x30, 0xD0, 0xA0, 0x0F, 0x04, 0x40, 0xC0, 0x90, 0x0F, 0x0F, 0x0B, 0x70, 0xB0, 0x90, 0x06, 0x70, 0xD0,
  0x80, 0x0F, 0x04, 0x70, 0xC0, 0x40, 0x0F, 0x0F, 0x09, 0x80, 0xC0, 0x70, 0xC0, 0xA0, 0x06, 0xA0, 0xD0, 0x40, 0x0F, 0x04,
  0xA0, 0xC0, 0x0F, 0x0F, 0x09, 0x81, 0x00, 0x50, 0xD0, 0x06, 0x20, 0xC1, 0x0F, 0x04, 0x20, 0xC0, 0x90, 0x0F, 0x0F, 0x08,
  0x30, 0x50, 0x00, 0x60, 0xC0, 0x07, 0x40, 0x70, 0x0F, 0x05, 0x40, 0x60, 0x0F, 0x0F, 0x09, 0x30, 0x70, 0x90, 0x50, 0x0F,
  0x0F, 0x0F, 0x0F, 0x0F, 0x0F, 0x0F, 0x0F, 0x0F, 0x0F, 0x0F, 0x0F, 0x0F, 0x0F, 0x0F, 0x0F, 0x0F, 0x0F, 0x0F, 0x0F, 0x0F,
  0x0F, 0x0F, 0x0F, 0x0F, 0x0F, 0x0F, 0x0F, 0x0F, 0x0F, 0x0F, 0x0F, 0x0F, 0x0F, 0x0F, 0x0F, 0x0F, 0x0F, 0x0F, 0x0F, 0x0F,
  0x0F, 0x0F, 0x0F, 0x0F, 0x0F, 0x0F, 0x0F, 0x0F, 0x0F, 0x0F, 0x0F, 0x0F, 0x0F, 0x0F, 0x0F, 0x0F, 0x0F, 0x0F, 0x0F, 0x0F,
  0x0F, 0x0F, 0x04, 0x0F, 0x0F, 0x0F, 0x0F, 0x0F, 0x0F, 0x0F, 0x0F, 0x0F, 0x0F, 0x0F, 0x0F, 0x0F, 0x0F, 0x0F, 0x0F, 0x0F,
  0x0F, 0x0F, 0x0F, 0x0F, 0x0F, 0x0F, 0x0F, 0x0F, 0x0F, 0x0F, 0x0F, 0x0F, 0x0F, 0x0F, 0x0F, 0x0F, 0x0F, 0x0F, 0x0F, 0x0F,
  0x0F, 0x0F, 0x0F, 0x0F, 0x0F, 0x0A, 0x30, 0x10, 0x0F, 0x0F, 0x0F, 0x0F, 0x20, 0x40, 0x71, 0x80, 0x70, 0x40, 0x20, 0x04,
  0xA0, 0xE0, 0x90, 0x03, 0x80, 0x70, 0x50, 0x0F, 0x0F, 0x0F, 0x06, 0x90, 0xC0, 0xE7, 0xC0, 0x90, 0x30, 0x01, 0xA0, 0xD0,
  0xB0, 0x03, 0x80, 0xE0, 0xB0, 0x0F, 0x0F, 0x0F, 0x06, 0xA1, 0x70, 0x40, 0x03, 0x30, 0x70, 0xA0, 0xC0, 0xE0, 0xA0, 0x31,
  0x80, 0x40, 0x03, 0x90, 0xB1, 0x0F, 0x0F, 0x0F, 0x0F, 0x02, 0x80, 0xD1, 0x60, 0x07, 0x40, 0x0F, 0x0F, 0x0F, 0x07, 0x20,
  0x40, 0x60, 0x70, 0x60, 0x40, 0x20, 0x04, 0x30, 0xB0, 0xE0, 0x70, 0x0F, 0x0F, 0x0F, 0x0C, 0x30, 0x70, 0xC1, 0xE5, 0xC0,
  0x90, 0x40, 0x03, 0xA0, 0xE0, 0x70, 0x0F, 0x0F, 0x0F, 0x09, 0x20, 0xB0, 0xE1, 0xC0, 0xA0, 0x80, 0x60, 0x51, 0x80, 0xB0,
  0xC0, 0xE1, 0xB0, 0x40, 0x02, 0xA0, 0xE0, 0x50, 0x0A, 0x60, 0xA0, 0x70, 0x10, 0x0F, 0x0F, 0x08, 0x60, 0xD0, 0xE0, 0xA0,
  0x40, 0x08, 0x30, 0xA0, 0xE1, 0x80, 0x10, 0x01, 0xB0, 0xC0, 0x20, 0x08, 0x40, 0xD0, 0x90, 0xB0, 0x90, 0x0F, 0x0F, 0x07,
  0x90, 0xE0, 0xC0, 0x50, 0x0A, 0x50, 0xE0, 0xA0, 0xB0, 0xE0, 0x90, 0x10, 0x00, 0x30, 0xD0, 0xA0, 0x08, 0x70, 0xC0, 0x00,
  0x30, 0xC0, 0x10, 0x0F, 0x0F, 0x05, 0x80, 0xE0, 0xB0, 0x20, 0x0B, 0x20, 0x90, 0xE0, 0xC0, 0x90, 0xE0, 0xB0, 0x01, 0x60,
  0xB0, 0x08, 0x30, 0xD0, 0x90, 0xB1, 0x0F, 0x0F, 0x05, 0x60, 0xE0, 0xA0, 0x10, 0x0E, 0x70, 0xD1, 0xA0, 0xE0, 0x80, 0x0C,
  0x60, 0xB1, 0x40, 0x0F, 0x0F, 0x04, 0x30, 0xD1, 0x30, 0x0F, 0x00, 0x40, 0xE0, 0xC0, 0xB0, 0xE0, 0x40, 0x0F, 0x0F, 0x0F,
  0x04, 0x90, 0xE0, 0x60, 0x0F, 0x02, 0x70, 0xD0, 0x90, 0xE0, 0xA0, 0x10, 0x0F, 0x0F, 0x0F, 0x02, 0x30, 0xD0, 0xB0, 0x0F,
  0x04, 0x80, 0x50, 0xA0, 0xE0, 0x40, 0x0F, 0x0F, 0x0F, 0x02, 0x80, 0xE0, 0x70, 0x30, 0x0F, 0x05, 0x40, 0xC0, 0x90, 0x0F,
  0x0F, 0x0F, 0x02, 0xB0, 0xE0, 0xC0, 0xB0, 0x0F, 0x06, 0xC1, 0x10, 0x09, 0x60, 0xC0, 0x60, 0x0F, 0x0F, 0x04, 0xD1, 0xE0,
  0xA0, 0x0F, 0x06, 0xA0, 0xE0, 0x20, 0x09, 0x80, 0xE0, 0x90, 0x0F, 0x0F, 0x03, 0x30, 0xD0, 0xA0, 0xE0, 0x80, 0x0F, 0x06,
  0x80, 0xE0, 0x40, 0x0A, 0x50, 0x10, 0x0F, 0x0F, 0x03, 0x30, 0xE0, 0x90, 0xA0, 0x40, 0x0F, 0x06, 0x80, 0xE0, 0x60, 0x0F,
  0x0F, 0x0F, 0x00, 0x30, 0xE0, 0x80, 0x10, 0x0F, 0x07, 0x60, 0xE0, 0x70, 0x0F, 0x0F, 0x0F, 0x00, 0x20, 0xE0, 0xA0, 0x0F,
  0x08, 0x80, 0xE0, 0x40, 0x0F, 0x0F, 0x0F, 0x01, 0xD0, 0xC0, 0x0F, 0x08, 0xB0, 0xD0, 0x10, 0x0F, 0x0F, 0x0F, 0x01, 0xA0,
  0xE0, 0xB0, 0x70, 0x0F, 0x06, 0xC1, 0x0D, 0x20, 0x10, 0x0F, 0x0F, 0x02, 0x70, 0xD0, 0xF0, 0xE0, 0xA0, 0x0F, 0x04, 0x40,
  0xE0, 0x90, 0x0D, 0xC0, 0x90, 0x09, 0x10, 0x0F, 0x07, 0x20, 0xD0, 0xF2, 0xB0, 0x20, 0x0F, 0x02, 0xA0, 0xE0, 0x40, 0x0D,
  0x90, 0x70, 0x09, 0x60, 0x10, 0x0F, 0x07, 0x90, 0xE0, 0xF2, 0xA0, 0x10, 0x0F, 0x00, 0x50, 0xE0, 0xC2, 0x70, 0x0F, 0x06,
  0x20, 0x80, 0x20, 0x0F, 0x07, 0x20, 0xC0, 0xF3, 0x80, 0x0F, 0x30, 0xC0, 0xE0, 0xF0, 0x91, 0xE0, 0x70, 0x0F, 0x06, 0x10,
  0x0F, 0x09, 0x50, 0xE0, 0xF3, 0x30, 0x0D, 0x20, 0xB0, 0xE0, 0xB0, 0x40, 0x01, 0x90, 0xD0, 0x50, 0x0F, 0x0F, 0x0F, 0x01,
  0x80, 0xE0, 0xF2, 0x90, 0x10, 0x0B, 0x30, 0xB0, 0xE0, 0x90, 0x04, 0x90, 0xE0, 0x40, 0x0F, 0x0F, 0x0F, 0x01, 0x80, 0xE0,
  0xF1, 0xD0, 0x10, 0x0A, 0x50, 0xC0, 0xE0, 0x90, 0x05, 0x30, 0xB0, 0xC0, 0x20, 0x0F, 0x0F, 0x0F, 0x01, 0x60, 0xD0, 0xF0,
  0xE0, 0x90, 0x10, 0x07, 0x60, 0xA0, 0xE0, 0xD0, 0x70, 0x10, 0x06, 0x30, 0xC0, 0xB0, 0x0F, 0x0F, 0x0F, 0x02, 0x20, 0x90,
  0xE1, 0xB0, 0xA0, 0x70, 0x80, 0x62, 0xA0, 0xC1, 0xE0, 0xD0, 0x50, 0x09, 0x40, 0xC0, 0x90, 0x0F, 0x0F, 0x0F, 0x03, 0x30,
  0x80, 0xB0, 0xD0, 0xE1, 0xF0, 0xE2, 0xC0, 0x90, 0x60, 0xD0, 0xA0, 0x10, 0x09, 0x70, 0xF0, 0x80, 0x0F, 0x0F, 0x30, 0x20,
  0x0F, 0x03, 0x20, 0x51, 0x61, 0x90, 0xB0, 0x00, 0x60, 0x90, 0x50, 0xC0, 0x90, 0x0A, 0x80, 0xE0, 0x70, 0x10, 0x0F, 0x0D,
  0x60, 0x90, 0x0F, 0x08, 0x70, 0xC0, 0x00, 0x50, 0xD0, 0x80, 0x70, 0xD0, 0x80, 0x0A, 0x90, 0xE0, 0x40, 0x07, 0x80, 0x50,
  0x0F, 0x03, 0x40, 0x50, 0x0F, 0x08, 0x60, 0xD0, 0x10, 0x00, 0x80, 0xE0, 0x50, 0x80, 0xE0, 0x70, 0x09, 0x40, 0xE0, 0x70,
  0x07, 0x90, 0xE0, 0x40, 0x0F, 0x0F, 0x0D, 0x20, 0xD0, 0x70, 0x10, 0x00, 0xA0, 0xC0, 0x30, 0xA0, 0xD0, 0x50, 0x07, 0x40,
  0xE0, 0xB0, 0x10, 0x08, 0xB1, 0x20, 0x0F, 0x0F, 0x0D, 0xB1, 0x01, 0x20, 0xD0, 0xB0, 0x10, 0xA0, 0xC0, 0x30, 0x05, 0x80,
  0xE0, 0xB0, 0x20, 0x09, 0x40, 0xD0, 0x80, 0x10, 0x0F, 0x0F, 0x0C, 0x60, 0xD0, 0x30, 0x01, 0x50, 0xD0, 0x90, 0x30, 0xB1,
  0x20, 0x02, 0x30, 0xB0, 0xD0, 0xC1, 0x10, 0x0A, 0x70, 0xD0, 0x50, 0x0F, 0x0F, 0x01, 0xB0, 0x90, 0x08, 0x20, 0xC0, 0xB0,
  0x02, 0x70, 0xD0, 0x50, 0x30, 0xD0, 0xB0, 0x10, 0x00, 0x70, 0xD0, 0xC0, 0x40, 0x20, 0xE0, 0x50, 0x0B, 0xA0, 0xC0, 0x10,
  0x0F, 0x04, 0x70, 0x80, 0x40, 0x08, 0x80, 0xE0, 0x50, 0x08, 0x70, 0xD0, 0x40, 0x02, 0xA0, 0xE0, 0x41, 0xE0, 0xB0, 0xC0,
  0xD0, 0xB0, 0xC0, 0x20, 0x00, 0xB0, 0xA0, 0x10, 0x0A, 0x20, 0xC0, 0x90, 0x0F, 0x04, 0x90, 0xE0, 0x70, 0x09, 0xA0, 0xC0,
  0x40, 0x08, 0xB0, 0xA0, 0x10, 0x70, 0xB0, 0xD1, 0xA0, 0x10, 0x50, 0xA0, 0x90, 0x40, 0x20, 0xC0, 0x80, 0x00, 0x70, 0xC0,
  0x10, 0x0B, 0x50, 0xE0, 0x60, 0x0F, 0x03, 0x50, 0x90, 0x60, 0x09, 0x20, 0xC0, 0x90, 0x08, 0x70, 0xE1, 0xD0, 0xB0, 0x60,
  0x30, 0xD0, 0xA0, 0x04, 0x90, 0xE0, 0x10, 0x30, 0xD0, 0x50, 0x0C, 0x60, 0x40, 0x0F, 0x0F, 0x01, 0x50, 0xE0, 0x90, 0x08,
  0x90, 0xD0, 0x30, 0x10, 0x01, 0x60, 0xD0, 0x30, 0x10, 0x02, 0x30, 0xE0, 0x50, 0x00, 0xE0, 0x60, 0x0F, 0x0F, 0x0F, 0x01,
  0x90, 0xE0, 0x40, 0x07, 0x20, 0xC0, 0xA0, 0x10, 0x01, 0x50, 0xC0, 0x30, 0x04, 0xC0, 0x90, 0x10, 0xE0, 0x70, 0x30, 0x0F,
  0x0F, 0x0C, 0x10, 0x02, 0x20, 0xB0, 0xC0, 0x20, 0x07, 0x30, 0xE0, 0xD0, 0x81, 0xC0, 0xB0, 0x05, 0xC0, 0xA0, 0x70, 0xE1,
  0xD0, 0x90, 0x10, 0x0F, 0x0F, 0x08, 0x60, 0x90, 0x40, 0x03, 0x30, 0xD0, 0x90, 0x08, 0x20, 0x90, 0xC1, 0xB0, 0xC0, 0x80,
  0x04, 0xB0, 0xD0, 0xE0, 0xA0, 0x40, 0x70, 0xD0, 0x20, 0x0F, 0x0F, 0x07, 0x70, 0xD0, 0xB0, 0xD0, 0x70, 0x03, 0x80, 0xE0,
  0x70, 0x0C, 0x80, 0xD0, 0xB0, 0x60, 0x01, 0x60, 0xE1, 0xC0, 0xD0, 0x60, 0xA0, 0xC0, 0x10, 0x0F, 0x0F, 0x06, 0x10, 0xB0,
  0x90, 0x00, 0x70, 0xC0, 0x04, 0xA0, 0xD0, 0x30, 0x0C, 0x30, 0xA0, 0xE0, 0xC0, 0xA0, 0xE0, 0xA0, 0x30, 0x00, 0xC1, 0xD0,
  0x70, 0x0F, 0x0F, 0x08, 0x90, 0xB0, 0x20, 0x80, 0xC0, 0x04, 0x20, 0xC0, 0xB0, 0x0E, 0x30, 0xC1, 0x80, 0x01, 0x30, 0xD0,
  0xA0, 0x40, 0x0F, 0x0F, 0x09, 0x20, 0xC0, 0xE0, 0xD0, 0x70, 0x05, 0x50, 0xD0, 0x90, 0x0E, 0xD0, 0x80, 0x01, 0x70, 0xD0,
  0xA0, 0x40, 0x0F, 0x0F, 0x0B, 0x10, 0x40, 0x30, 0x07, 0x90, 0xE0, 0x40, 0x0D, 0xB0, 0xC0, 0x80, 0xB0, 0xE0, 0x90, 0x10,
  0x0F, 0x0F, 0x0F, 0x08, 0xB0, 0xC0, 0x20, 0x0C, 0x50, 0xC1, 0xD0, 0x40, 0x02, 0x50, 0x90, 0x0F, 0x0F, 0x0F, 0x05, 0x30,
  0xD0, 0xA0, 0x0F, 0x04, 0x40, 0xC0, 0x90, 0x0F, 0x0F, 0x0F, 0x05, 0x70, 0xE0, 0x80, 0x0F, 0x04, 0x70, 0xC0, 0x40, 0x0F,
  0x0F, 0x0F, 0x05, 0xA0, 0xD0, 0x40, 0x0F, 0x04, 0xA0, 0xC0, 0x0F, 0x0F, 0x0F, 0x05, 0x20, 0xC1, 0x0F, 0x04, 0x20, 0xC0,
  0x90, 0x0F, 0x0F, 0x0A, 0x30, 0xB0, 0xC0, 0xB0, 0x40, 0x05, 0x40, 0x80, 0x0F, 0x05, 0x40, 0x60, 0x0F, 0x0F, 0x0A, 0x40,
  0x60, 0x20, 0x80, 0xA0, 0x0F, 0x0F, 0x0F, 0x0F, 0x0A, 0x20, 0x01, 0x40, 0xB0, 0x0F, 0x0F, 0x0F, 0x0F, 0x0D, 0x30, 0x60,
  0x10, 0x0F, 0x0F, 0x0F, 0x0F, 0x0F, 0x0F, 0x0F, 0x0F, 0x0F, 0x0F, 0x0F, 0x0F, 0x0F, 0x0F, 0x0F, 0x0F, 0x0F, 0x0F, 0x0F,
  0x0F, 0x0F, 0x0F, 0x0F, 0x0F, 0x0F, 0x0F, 0x0F, 0x0F, 0x0F, 0x0F, 0x0F, 0x0F, 0x0F, 0x0F, 0x0F, 0x0F, 0x0F, 0x0F, 0x0F,
  0x0F, 0x0F, 0x0F, 0x0F, 0x0F, 0x0F, 0x0F, 0x0F, 0x0F, 0x0F, 0x0F, 0x0F, 0x0F, 0x0F, 0x01, 0x0F, 0x0F, 0x0F, 0x0F, 0x0F,
  0x0F, 0x0F, 0x0F, 0x0F, 0x0F, 0x0F, 0x0F, 0x0F, 0x0F, 0x0F, 0x0F, 0x0F, 0x0F, 0x0F, 0x0F, 0x0F, 0x0F, 0x0F, 0x0F, 0x0F,
  0x0F, 0x0F, 0x0F, 0x0F, 0x0F, 0x0F, 0x0F, 0x0F, 0x0F, 0x0F, 0x0F, 0x0F, 0x0F, 0x0F, 0x0F, 0x0F, 0x0F, 0x0F, 0x0F, 0x0F,
  0x0F, 0x0F, 0x0F, 0x0F, 0x0F, 0x0F, 0x0F, 0x02, 0x20, 0xC1, 0x90, 0x30, 0x0F, 0x0F, 0x0F, 0x0F, 0x0B, 0x60, 0xA0, 0xD0,
  0xE0, 0xA0, 0x30, 0x01, 0x50, 0x80, 0x20, 0x03, 0x20, 0x10, 0x0F, 0x0F, 0x0F, 0x0F, 0x01, 0x80, 0xD1, 0x60, 0x00, 0xC1,
  0xA0, 0x03, 0xA1, 0x90, 0x0F, 0x0F, 0x0F, 0x05, 0x20, 0x40, 0x50, 0x60, 0x50, 0x40, 0x20, 0x04, 0x20, 0xB0, 0xE0, 0x70,
  0xA0, 0xD0, 0x90, 0x03, 0xB0, 0xE0, 0x80, 0x0F, 0x0F, 0x0F, 0x02, 0x20, 0x80, 0xD1, 0xF5, 0xB0, 0x80, 0x30, 0x03, 0xA0,
  0xE0, 0x70, 0x20, 0x04, 0x70, 0x80, 0x90, 0x0F, 0x0F, 0x0F, 0x00, 0x20, 0xA0, 0xE1, 0xC0, 0xA0, 0x80, 0x70, 0x60, 0x70,
  0x80, 0x90, 0xC0, 0xE1, 0xA0, 0x20, 0x02, 0xA0, 0xD0, 0x50, 0x0F, 0x0F, 0x0F, 0x07, 0x60, 0xD0, 0xE0, 0xA0, 0x40, 0x06,
  0x20, 0x90, 0x80, 0xB0, 0xE0, 0xD0, 0x60, 0x02, 0xC1, 0x20, 0x10, 0x0F, 0x0F, 0x0F, 0x04, 0x80, 0xD1, 0x50, 0x08, 0x40,
  0xD0, 0xE0, 0xD0, 0x90, 0xD0, 0xE0, 0x80, 0x01, 0x40, 0xD0, 0x90, 0x0F, 0x0F, 0x0F, 0x04, 0x80, 0xD1, 0x20, 0x0B, 0x70,
  0xC0, 0xE0, 0xA0, 0xB0, 0xE0, 0x80, 0x01, 0x80, 0xE0, 0x70, 0x09, 0x20, 0xA0, 0xD0, 0xA0, 0x20, 0x0F, 0x0F, 0x03, 0x70,
  0xE0, 0xA0, 0x50, 0x0E, 0xA0, 0xE0, 0xB1, 0xE0, 0x60, 0x01, 0xA0, 0xD0, 0x40, 0x08, 0x80, 0xC0, 0x30, 0x90, 0xA0, 0x0F,
  0x0F, 0x02, 0x30, 0xD0, 0xC0, 0xD0, 0xC0, 0x0F, 0x90, 0xE0, 0xA0, 0xD1, 0x20, 0x00, 0x20, 0xA0, 0xC0, 0x10, 0x07, 0x80,
  0xB0, 0x00, 0x50, 0xC0, 0x0F, 0x0F, 0x02, 0xA0, 0xE0, 0xB0, 0xE0, 0x50, 0x0F, 0x00, 0x90, 0xD0, 0x70, 0xE0, 0x90, 0x01,
  0x40, 0xE0, 0x70, 0x07, 0x20, 0xC0, 0xD1, 0x90, 0x0F, 0x0F, 0x01, 0x30, 0xD0, 0xB0, 0xE0, 0x90, 0x0F, 0x01, 0x20, 0x50,
  0x00, 0xB0, 0xE0, 0x30, 0x01, 0x80, 0xE0, 0x60, 0x07, 0x20, 0x80, 0x70, 0x0F, 0x0F, 0x02, 0x80, 0xE0, 0x70, 0xD0, 0x40,
  0x0E, 0x20, 0x90, 0x30, 0x02, 0x60, 0xE0, 0x80, 0x02, 0xA0, 0xD0, 0x20, 0x0F, 0x0F, 0x0C, 0xB1, 0x00, 0x10, 0x0F, 0x40,
  0xD0, 0x60, 0x03, 0xD0, 0xC0, 0x02, 0x30, 0xD0, 0xA0, 0x0F, 0x0F, 0x0B, 0x20, 0xD0, 0xA0, 0x0F, 0x08, 0xB0, 0xE0, 0x10,
  0x02, 0x60, 0xC0, 0x30, 0x0F, 0x0F, 0x0A, 0x30, 0xE0, 0x80, 0x0F, 0x08, 0x80, 0xE0, 0x30, 0x0B, 0x20, 0x50, 0x0F, 0x0F,
  0x02, 0x40, 0xE0, 0x80, 0x0F, 0x08, 0x80, 0xD0, 0x40, 0x0B, 0x90, 0xE0, 0x80, 0x0F, 0x0F, 0x01, 0x30, 0xF0, 0x80, 0x0F,
  0x08, 0x80, 0xE0, 0x40, 0x0B, 0x70, 0xC0, 0x60, 0x0F, 0x0F, 0x01, 0x30, 0xF0, 0x80, 0x00, 0x10, 0x0F, 0x06, 0x80, 0xE0,
  0x30, 0x0F, 0x0F, 0x0F, 0x00, 0x20, 0xC0, 0xA0, 0x0F, 0x08, 0xB0, 0xE0, 0x00, 0x10, 0x0F, 0x0F, 0x0F, 0x00, 0xC1, 0x0F,
  0x08, 0xD0, 0xC0, 0x0F, 0x0F, 0x0F, 0x02, 0x80, 0xE0, 0x30, 0x0F, 0x06, 0x40, 0xE0, 0x80, 0x0F, 0x0F, 0x0F, 0x02, 0x30,
  0xD0, 0xA0, 0x0F, 0x06, 0xB0, 0xF1, 0xA0, 0x40, 0x0F, 0x0F, 0x0F, 0x01, 0xA0, 0xE0, 0x50, 0x0F, 0x04, 0x60, 0xE0, 0xC0,
  0x80, 0xC0, 0xD0, 0x90, 0x0C, 0x60, 0x40, 0x0F, 0x0F, 0x01, 0x40, 0xD0, 0xC0, 0x20, 0x10, 0x0F, 0x01, 0x70, 0xD0, 0xE1,
  0x70, 0x10, 0x70, 0xC1, 0x50, 0x0A, 0xD0, 0x90, 0x0F, 0x0F, 0x02, 0x80, 0xE0, 0xA0, 0x0F, 0x00, 0x20, 0xA0, 0xE0, 0xA0,
  0x20, 0x90, 0xD0, 0x40, 0x00, 0x30, 0xB0, 0xE0, 0x60, 0x09, 0x60, 0x30, 0x0F, 0x0F, 0x03, 0x90, 0xE0, 0xA0, 0x10, 0x0D,
  0x60, 0xD0, 0xC0, 0x60, 0x02, 0xB0, 0xE0, 0x90, 0x01, 0x90, 0xE0, 0x80, 0x0F, 0x0F, 0x0F, 0xA0, 0xE0, 0xC0, 0x40, 0x0A,
  0x20, 0xA0, 0xD0, 0x90, 0x20, 0x03, 0x40, 0xD0, 0xE0, 0xA0, 0x10, 0x00, 0x70, 0xC1, 0x00, 0x10, 0x0F, 0x0F, 0x0D, 0x80,
  0xE1, 0xA0, 0x40, 0x07, 0x50, 0xC0, 0xD0, 0x60, 0x06, 0x70, 0xE1, 0x80, 0x01, 0x60, 0xE0, 0x70, 0x0F, 0x0F, 0x0F, 0x30,
  0xA0, 0xD0, 0xE0, 0xC0, 0x90, 0x70, 0x60, 0x70, 0x50, 0x60, 0xA0, 0xD0, 0xB0, 0x30, 0x08, 0xA0, 0xE1, 0x70, 0x00, 0x90,
  0xD1, 0x90, 0x0F, 0x0F, 0x0F, 0x00, 0x30, 0xA0, 0xC0, 0xE6, 0x70, 0x10, 0x09, 0x30, 0xD0, 0xC0, 0xD0, 0xC0, 0xD0, 0x61,
  0xE0, 0x70, 0x0F, 0x0F, 0x0F, 0x02, 0x30, 0x50, 0x60, 0xA0, 0xD0, 0x60, 0xE0, 0x70, 0x0B, 0x60, 0xE0, 0xB0, 0xE0, 0x60,
  0x01, 0xA0, 0xB0, 0x0F, 0x0F, 0x0F, 0x05, 0x60, 0xD0, 0x10, 0xA0, 0xD0, 0x30, 0x0B, 0x80, 0xE0, 0xC0, 0xB0, 0x00, 0x10,
  0xB1, 0x0F, 0x0F, 0x0F, 0x05, 0x50, 0xD0, 0x40, 0x20, 0xD0, 0x90, 0x0B, 0x20, 0xB1, 0xC0, 0xB0, 0xA0, 0xD0, 0x40, 0x0F,
  0x0D, 0x20, 0x80, 0x60, 0x0F, 0x05, 0xD0, 0x60, 0x00, 0xB0, 0xE0, 0x70, 0x0B, 0x40, 0xD0, 0x70, 0xE0, 0xB0, 0x50, 0x0F,
  0x0E, 0x60, 0x80, 0xC0, 0x0F, 0x05, 0xB0, 0xA0, 0x00, 0x80, 0xF0, 0xD0, 0x40, 0x09, 0x40, 0xB0, 0xE0, 0x70, 0xE0, 0x80,
  0x0F, 0x0F, 0x00, 0x80, 0x50, 0x0F, 0x05, 0x70, 0xD0, 0x00, 0x30, 0xD1, 0xC0, 0x10, 0x07, 0x90, 0xD0, 0xB0, 0x70, 0xC1,
  0xD0, 0x0F, 0x0F, 0x0F, 0x08, 0x20, 0xE0, 0x70, 0x00, 0x80, 0xD1, 0x90, 0x05, 0x30, 0x90, 0xD0, 0x90, 0x80, 0xE0, 0x70,
  0x30, 0xD0, 0x60, 0x0B, 0x70, 0x20, 0x0F, 0x0F, 0x0A, 0xA0, 0xB0, 0x00, 0x20, 0xC0, 0xB0, 0xE0, 0x70, 0x03, 0x70, 0xE0,
  0xC0, 0x50, 0x00, 0xB0, 0x70, 0x01, 0xB0, 0xA0, 0x0B, 0xB0, 0xA0, 0x0F, 0x0F, 0x0A, 0x70, 0xD0, 0x40, 0x00, 0x80, 0xE0,
  0xB0, 0xD0, 0x30, 0x00, 0x30, 0xB0, 0xD0, 0x90, 0x06, 0x80, 0xD0, 0x00, 0x10, 0x09, 0x50, 0xE0, 0x70, 0x0F, 0x0F, 0x0A,
  0xD0, 0xA1, 0xE0, 0xD1, 0xC0, 0xB0, 0x70, 0xD0, 0xC0, 0x60, 0x07, 0x60, 0xE0, 0x30, 0x0B, 0x90, 0xD0, 0x40, 0x0F, 0x04,
  0x90, 0xC0, 0x60, 0x09, 0x50, 0x60, 0x05, 0x80, 0xF0, 0xB0, 0x80, 0x30, 0xC0, 0xA0, 0xE0, 0xD0, 0x90, 0x70, 0xB0, 0x30,
  0x01, 0x40, 0x03, 0x30, 0xD0, 0x60, 0x0C, 0xB0, 0xC0, 0x10, 0x0F, 0x03, 0x90, 0xE0, 0x60, 0x09, 0x90, 0xE0, 0x50, 0x04,
  0x30, 0xD0, 0x80, 0x01, 0x70, 0xD0, 0xA0, 0xB0, 0xC0, 0xD0, 0x80, 0x02, 0xB0, 0xA0, 0x10, 0x01, 0x60, 0xE0, 0x80, 0x50,
  0x01, 0x30, 0x40, 0x07, 0x20, 0xD0, 0x80, 0x0F, 0x03, 0x20, 0x50, 0x30, 0x0A, 0xA0, 0xE0, 0x20, 0x04, 0x70, 0xD0, 0x70,
  0x40, 0xA0, 0xE0, 0xD0, 0xE0, 0x80, 0x30, 0x03, 0x70, 0xD0, 0x90, 0x00, 0x50, 0xD0, 0xE2, 0x70, 0x00, 0x70, 0xC0, 0x30,
  0x07, 0x50, 0x40, 0x0F, 0x0F, 0x01, 0x40, 0xD0, 0xA0, 0x05, 0x90, 0xD0, 0xE0, 0xB0, 0x60, 0x40, 0xC0, 0xB0, 0x30, 0x04,
  0xA0, 0xE3, 0x70, 0x10, 0xA0, 0xB0, 0x00, 0x10, 0xB1, 0x0F, 0x0F, 0x0C, 0x70, 0xD0, 0x70, 0x10, 0x04, 0x30, 0x40, 0x20,
  0x01, 0x20, 0xB0, 0xE0, 0x60, 0x03, 0x80, 0xD0, 0xB0, 0xD0, 0x30, 0x00, 0x40, 0xC0, 0xA0, 0x01, 0x40, 0xE0, 0x40, 0x0F,
  0x0F, 0x0C, 0xA0, 0xE0, 0x40, 0x0A, 0x20, 0xA0, 0xE0, 0xB0, 0x50, 0x60, 0xA0, 0xD0, 0xE1, 0xC0, 0x20, 0x80, 0xE0, 0xB0,
  0x30, 0x02, 0x30, 0x0F, 0x0F, 0x05, 0x20, 0xA0, 0xB0, 0x80, 0x03, 0x20, 0xC0, 0xB0, 0x10, 0x0B, 0x60, 0xB0, 0xE2, 0xA0,
  0x40, 0xB0, 0xF1, 0xD0, 0x90, 0x0F, 0x0F, 0x0B, 0xA1, 0x70, 0xC0, 0x80, 0x03, 0x50, 0xE0, 0xA0, 0x0D, 0x80, 0xD0, 0x60,
  0x01, 0xA0, 0xD0, 0x40, 0x30, 0x0F, 0x0F, 0x0C, 0xB0, 0x80, 0x00, 0x70, 0xB0, 0x04, 0x90, 0xE0, 0x60, 0x0C, 0x90, 0xD0,
  0x00, 0x30, 0xB0, 0xE0, 0x60, 0x0F, 0x0F, 0x0E, 0x80, 0xE0, 0x80, 0xD0, 0x90, 0x05, 0xA0, 0xC0, 0x20, 0x0B, 0x70, 0xD0,
  0xC0, 0xD0, 0xB0, 0x30, 0x0F, 0x0F, 0x0F, 0x00, 0x80, 0xD0, 0x90, 0x20, 0x05, 0x30, 0xD0, 0xA0, 0x0C, 0x50, 0x90, 0x50,
  0x05, 0x30, 0x50, 0x0F, 0x0F, 0x0F, 0x05, 0x60, 0xE0, 0x70, 0x10, 0x07, 0x50, 0xA0, 0x09, 0x50, 0xD0, 0x40, 0x0F, 0x0F,
  0x0F, 0x05, 0x90, 0xE0, 0x40, 0x07, 0x30, 0xC0, 0xA0, 0x09, 0xA0, 0xB0, 0x10, 0x0F, 0x0F, 0x0F, 0x04, 0x20, 0xB1, 0x10,
  0x07, 0x50, 0xD0, 0x70, 0x08, 0x20, 0xB0, 0x90, 0x0F, 0x0F, 0x0F, 0x05, 0x50, 0xE0, 0xA0, 0x08, 0x80, 0xD0, 0x20, 0x08,
  0x60, 0xB0, 0x60, 0x0F, 0x0F, 0x0F, 0x05, 0x80, 0xE0, 0x70, 0x07, 0x20, 0xB0, 0x70, 0x09, 0x90, 0x70, 0x0F, 0x0F, 0x0C,
  0x20, 0x50, 0x30, 0x06, 0xA0, 0xE0, 0x20, 0x07, 0x21, 0x0F, 0x0F, 0x0F, 0x07, 0x10, 0x60, 0x90, 0xA0, 0x20, 0x05, 0x30,
  0xD0, 0xA0, 0x0F, 0x0F, 0x0F, 0x05, 0x10, 0x0D, 0x60, 0x70, 0x06, 0x70, 0xD0, 0x20, 0x0F, 0x0F, 0x0F, 0x05, 0x10, 0x0C,
  0x20, 0x40, 0x07, 0x20, 0x0F, 0x0F, 0x0F, 0x04, 0x10, 0x0F, 0x0F, 0x0C, 0x10, 0x0F, 0x0F, 0x0F, 0x0F, 0x0F, 0x0F, 0x0F,
  0x0F, 0x0F, 0x0F, 0x0F, 0x0F, 0x0F, 0x0F, 0x0F, 0x0F, 0x0F, 0x0F, 0x0F, 0x0F, 0x0F, 0x0F, 0x0F, 0x0F, 0x0F, 0x0F, 0x0F,
  0x0F, 0x0F, 0x0F, 0x0F, 0x0F, 0x0F, 0x0F, 0x0F, 0x0F, 0x03, 0x0F, 0x0F, 0x0F, 0x0F, 0x0F, 0x0F, 0x0F, 0x0F, 0x0F, 0x0F,
  0x0F, 0x0F, 0x0F, 0x0F, 0x0F, 0x0F, 0x0F, 0x0F, 0x0F, 0x0F, 0x0F, 0x0F, 0x0F, 0x0F, 0x0F, 0x0F, 0x0F, 0x0F, 0x0F, 0x0F,
  0x0F, 0x0F, 0x0F, 0x0F, 0x0F, 0x0F, 0x0F, 0x0C, 0x80, 0x50, 0x0F, 0x0F, 0x0F, 0x0F, 0x0D, 0x70, 0xC0, 0x60, 0xB0, 0x60,
  0x0F, 0x0F, 0x0F, 0x0F, 0x0B, 0xC0, 0xE0, 0x90, 0x10, 0x0F, 0x0F, 0x0F, 0x0F, 0x0A, 0xB0, 0xD1, 0x80, 0x0F, 0x0F, 0x0F,
  0x0F, 0x0A, 0x20, 0x80, 0x20, 0x60, 0xD0, 0x40, 0x0F, 0x0F, 0x0F, 0x0F, 0x0D, 0x60, 0x30, 0x0F, 0x0F, 0x0F, 0x09, 0x20,
  0x40, 0x70, 0x81, 0x50, 0x30, 0x0F, 0x0F, 0x0F, 0x0F, 0x05, 0x30, 0x90, 0xC0, 0xE0, 0xF0, 0xE4, 0xD0, 0xA0, 0x50, 0x05,
  0x40, 0x0F, 0x0F, 0x0F, 0x09, 0x20, 0xA0, 0xE0, 0xF0, 0xC0, 0x90, 0x80, 0x50, 0x60, 0xB1, 0xA0, 0xB0, 0xE1, 0xB0, 0x40,
  0x02, 0x50, 0xD0, 0x60, 0x0F, 0x0F, 0x0F, 0x07, 0x60, 0xD1, 0xA0, 0x40, 0x03, 0x80, 0xD0, 0xE1, 0x80, 0x30, 0x90, 0xE1,
  0x80, 0x02, 0xA0, 0xD0, 0x30, 0x0F, 0x0F, 0x0F, 0x05, 0x80, 0xE0, 0xC0, 0x50, 0x07, 0x30, 0x80, 0x30, 0x01, 0x70, 0xF0,
  0xE0, 0xA0, 0x10, 0x00, 0x20, 0xC0, 0xB0, 0x0F, 0x0F, 0x0F, 0x04, 0x80, 0xE0, 0xB0, 0x10, 0x0D, 0x50, 0xE1, 0xF0, 0xA0,
  0x10, 0x00, 0x50, 0xE0, 0x80, 0x0F, 0x0F, 0x0F, 0x02, 0x50, 0xE0, 0xB0, 0x0F, 0x00, 0xD0, 0xF0, 0xE1, 0xA0, 0x01, 0x80,
  0xD0, 0x50, 0x00, 0x81, 0x20, 0x03, 0x30, 0x0F, 0x0F, 0x07, 0x20, 0xD1, 0x20, 0x0F, 0x00, 0xA0, 0xF1, 0xE1, 0x40, 0x01,
  0xB0, 0xD0, 0x40, 0xD1, 0x70, 0x03, 0xD0, 0xB0, 0x90, 0x0F, 0x0F, 0x05, 0x90, 0xE0, 0x60, 0x0F, 0x01, 0x50, 0xE0, 0xF0,
  0xE1, 0xB0, 0x01, 0x30, 0xD0, 0x90, 0xC0, 0xE0, 0x50, 0x03, 0xD0, 0xE0, 0x60, 0x0F, 0x0F, 0x04, 0x20, 0xD0, 0xB0, 0x0F,
  0x03, 0xB0, 0xE0, 0xF0, 0xE1, 0x40, 0x01, 0x80, 0xE0, 0x60, 0x20, 0x04, 0x80, 0xA0, 0x70, 0x0F, 0x0F, 0x04, 0x70, 0xF0,
  0x60, 0x0F, 0x03, 0x40, 0xE3, 0xA0, 0x10, 0x01, 0xA0, 0xC0, 0x20, 0x0F, 0x0F, 0x0C, 0xB0, 0xD0, 0x10, 0x0F, 0x04, 0x80,
  0xE0, 0xF1, 0xC0, 0x02, 0x20, 0xD0, 0xB0, 0x0F, 0x0F, 0x0C, 0xD0, 0xA0, 0x0F, 0x06, 0x80, 0xE0, 0xF0, 0xE0, 0x30, 0x02,
  0x50, 0xE0, 0x80, 0x0C, 0x20, 0x0F, 0x0C, 0x20, 0xD0, 0xA0, 0x0F, 0x07, 0x80, 0xD0, 0xE0, 0x50, 0x03, 0x80, 0xE0, 0x40,
  0x09, 0x50, 0xC1, 0xB0, 0x10, 0x0F, 0x0A, 0x20, 0xE0, 0x80, 0x0F, 0x08, 0x70, 0xE0, 0x60, 0x04, 0xB1, 0x20, 0x08, 0xB1,
  0x20, 0xB0, 0x70, 0x0F, 0x0A, 0x20, 0xE0, 0x90, 0x10, 0x0F, 0x07, 0x60, 0xF0, 0x60, 0x04, 0x30, 0xD0, 0x90, 0x08, 0xB0,
  0x80, 0x00, 0xA0, 0x90, 0x0F, 0x0A, 0x20, 0xE0, 0x90, 0xC0, 0x60, 0x0F, 0x06, 0x70, 0xE0, 0x50, 0x05, 0x60, 0xD0, 0x60,
  0x07, 0x50, 0xD0, 0xC0, 0xD0, 0x50, 0x0F, 0x0B, 0xC1, 0xE0, 0x90, 0x10, 0x0F, 0x05, 0xA0, 0xD0, 0x10, 0x06, 0x90, 0xD0,
  0x30, 0x07, 0x40, 0x70, 0x40, 0x0F, 0x0C, 0xA0, 0xE0, 0xC0, 0xD0, 0x0F, 0x06, 0xB0, 0xC0, 0x08, 0xB0, 0x90, 0x10, 0x0F,
  0x0F, 0x06, 0x60, 0xE0, 0xA0, 0xE0, 0x60, 0x0F, 0x04, 0x40, 0xE0, 0x90, 0x08, 0x30, 0x40, 0x0F, 0x0F, 0x08, 0xC1, 0xE0,
  0xC0, 0x10, 0x0F, 0x03, 0xA0, 0xE0, 0x40, 0x0F, 0x0F, 0x0F, 0x03, 0x80, 0xE0, 0xA0, 0xE0, 0x90, 0x10, 0x0F, 0x01, 0x40,
  0xE0, 0xC0, 0x40, 0x0F, 0x02, 0x40, 0x50, 0x0F, 0x0E, 0x20, 0xC0, 0xD0, 0xB1, 0x0F, 0x01, 0x20, 0xC0, 0xE0, 0xD0, 0xE0,
  0xA0, 0x40, 0x0F, 0x00, 0xB0, 0xE0, 0x30, 0x0F, 0x0E, 0x50, 0xE0, 0xC0, 0x30, 0x0F, 0x01, 0xB0, 0xE0, 0x60, 0x00, 0x60,
  0xD1, 0x70, 0x0F, 0x90, 0xB0, 0x20, 0x0F, 0x0F, 0x70, 0xE0, 0xC0, 0x40, 0x0E, 0x40, 0xA0, 0xF0, 0x90, 0x60, 0x70, 0x00,
  0x20, 0x90, 0xD0, 0x80, 0x0F, 0x0F, 0x0F, 0x02, 0x70, 0xF0, 0xD0, 0x60, 0x10, 0x0B, 0x60, 0xB0, 0xE1, 0x80, 0x70, 0xC0,
  0x40, 0x01, 0x80, 0xE0, 0x80, 0x0F, 0x0F, 0x0F, 0x02, 0x40, 0xC0, 0xD0, 0xB0, 0x70, 0x10, 0x07, 0x40, 0xA0, 0xE0, 0xD0,
  0x81, 0xD0, 0x50, 0xB1, 0x02, 0x70, 0xC0, 0x80, 0x0F, 0x0F, 0x0F, 0x03, 0x90, 0xC0, 0xE0, 0xD0, 0xA0, 0x81, 0x70, 0x80,
  0x70, 0xA0, 0xD0, 0xE0, 0xD0, 0xA0, 0x30, 0x00, 0x20, 0xD0, 0xA0, 0x40, 0xD0, 0xA0, 0x02, 0x80, 0xE0, 0x70, 0x0F, 0x0F,
  0x0F, 0x03, 0x40, 0x70, 0xB0, 0xD0, 0xE2, 0xF0, 0xE0, 0xF1, 0xA0, 0x30, 0x03, 0x70, 0xE0, 0x70, 0x80, 0xE0, 0x40, 0x02,
  0xA0, 0xF0, 0x40, 0x0F, 0x0F, 0x0F, 0x06, 0x70, 0x50, 0x60, 0x70, 0xD0, 0xB0, 0x60, 0x06, 0xA0, 0xC0, 0x20, 0xD0, 0xB0,
  0x01, 0x10, 0xB0, 0xE0, 0xC0, 0x20, 0x0B, 0x20, 0x70, 0x10, 0x0F, 0x0F, 0x09, 0x90, 0xC0, 0x30, 0x07, 0x40, 0xD0, 0x80,
  0x50, 0xD0, 0x90, 0x00, 0xA0, 0xD0, 0x50, 0xE0, 0x90, 0x0B, 0x80, 0xE0, 0x50, 0x0F, 0x0F, 0x09, 0x90, 0xD0, 0x10, 0x08,
  0xB0, 0xD0, 0x40, 0x80, 0xE0, 0xB0, 0xD0, 0x60, 0x00, 0x80, 0xE0, 0x20, 0x0B, 0x60, 0x0F, 0x0F, 0x0A, 0x30, 0xD0, 0x80,
  0x08, 0x30, 0xD0, 0xA0, 0x00, 0xC0, 0xE0, 0x50, 0x01, 0x50, 0xE0, 0x40, 0x0F, 0x0F, 0x0F, 0x08, 0x80, 0xE0, 0x40, 0x08,
  0x70, 0xE0, 0x70, 0x50, 0xE0, 0x80, 0x01, 0x70, 0xE0, 0x30, 0x60, 0x30, 0x0F, 0x0F, 0x0F, 0x06, 0x20, 0xC0, 0xB0, 0x10,
  0x08, 0xB1, 0x00, 0x90, 0xC0, 0x70, 0x50, 0xC0, 0xB0, 0x00, 0xB1, 0x20, 0x0F, 0x0F, 0x0F, 0x06, 0x70, 0xE0, 0x70, 0x08,
  0x50, 0xE0, 0x60, 0x00, 0xA0, 0xD1, 0xE0, 0x50, 0x00, 0x20, 0xD0, 0x90, 0x0F, 0x0F, 0x0F, 0x07, 0xB0, 0xD0, 0x10, 0x07,
  0x50, 0xE0, 0x60, 0x01, 0x41, 0xD0, 0xA0, 0x01, 0x50, 0xE0, 0x10, 0x0F, 0x0F, 0x0F, 0x06, 0x30, 0xD0, 0x80, 0x06, 0x60,
  0xD0, 0xA0, 0x10, 0x03, 0x90, 0xC0, 0x10, 0x01, 0x20, 0x0F, 0x0F, 0x0F, 0x08, 0x90, 0xC0, 0x30, 0x03, 0x30, 0xA0, 0xD0,
  0xA0, 0x20, 0x04, 0x60, 0xE0, 0x30, 0x0F, 0x0F, 0x0F, 0x0B, 0x20, 0xD0, 0x90, 0x02, 0x50, 0xE0, 0xC0, 0xE0, 0xC0, 0x30,
  0x04, 0x30, 0xE0, 0x40, 0x0F, 0x0F, 0x02, 0x51, 0xA0, 0xC0, 0x50, 0x0F, 0x04, 0x60, 0xD0, 0x40, 0x30, 0xA0, 0xE0, 0xA0,
  0x20, 0x30, 0xC0, 0xD0, 0x50, 0x03, 0x30, 0xE0, 0x70, 0x30, 0x0F, 0x0F, 0x02, 0x70, 0xB1, 0x80, 0x0F, 0x05, 0xB0, 0xE0,
  0xD0, 0xC1, 0xD0, 0x40, 0x00, 0x30, 0xB0, 0xD0, 0x70, 0x02, 0x80, 0xE1, 0xD0, 0x80, 0x0F, 0x0F, 0x01, 0x20, 0x40, 0x80,
  0x30, 0x0F, 0x05, 0x20, 0x50, 0x60, 0x10, 0x20, 0x90, 0xD0, 0x80, 0x00, 0x20, 0x90, 0xE0, 0xC0, 0x90, 0xB0, 0xD0, 0xB0,
  0x40, 0x80, 0xE0, 0x10, 0x0F, 0x0F, 0x0F, 0x01, 0x20, 0x40, 0x0C, 0x80, 0xE0, 0xB0, 0x40, 0x00, 0x40, 0xA0, 0xF0, 0xD0,
  0x70, 0x10, 0x00, 0x80, 0xE0, 0x20, 0x02, 0x70, 0x80, 0x0F, 0x0F, 0x0C, 0x80, 0xD0, 0x40, 0x0C, 0x50, 0xC1, 0xD0, 0xB0,
  0xE0, 0xF0, 0x40, 0x01, 0x80, 0xE0, 0x90, 0x03, 0x70, 0xE0, 0x50, 0x0F, 0x0F, 0x0B, 0x20, 0xD0, 0xB0, 0x10, 0x0D, 0x50,
  0xD1, 0xA0, 0xE0, 0x31, 0xB0, 0xD0, 0x80, 0x20, 0x04, 0xA0, 0xC0, 0x20, 0x0F, 0x0F, 0x0B, 0x50, 0xE0, 0x90, 0x0E, 0xE0,
  0x80, 0x00, 0xB0, 0xE0, 0xF0, 0xC0, 0x40, 0x06, 0x20, 0xA0, 0x20, 0x0F, 0x0F, 0x00, 0xB0, 0xD0, 0x10, 0x08, 0x70, 0xE0,
  0x60, 0x0D, 0xE0, 0xA0, 0x90, 0xD0, 0xC0, 0x60, 0x0F, 0x0F, 0x0C, 0xB0, 0xD0, 0x10, 0x09, 0xB0, 0xC0, 0x20, 0x0C, 0x70,
  0xB1, 0x80, 0x10, 0x0F, 0x0F, 0x0E, 0x40, 0x0A, 0x30, 0xD0, 0xA0, 0x0F, 0x0F, 0x0F, 0x0F, 0x0D, 0x60, 0xD0, 0x60, 0x0F,
  0x0F, 0x0F, 0x0F, 0x0D, 0xA0, 0xE0, 0x40, 0x0F, 0x04, 0x40, 0xA0, 0x10, 0x0F, 0x0F, 0x0F, 0x04, 0x20, 0xD0, 0xB0, 0x10,
  0x09, 0x20, 0x09, 0xC0, 0xA0, 0x10, 0x0F, 0x0F, 0x0C, 0x50, 0xB1, 0x70, 0x03, 0x30, 0xD0, 0x90, 0x08, 0x70, 0xE0, 0x30,
  0x08, 0x40, 0xD0, 0x60, 0x0F, 0x0F, 0x0C, 0xB0, 0x71, 0xC0, 0x40, 0x03, 0x80, 0xD0, 0x50, 0x08, 0xB1, 0x10, 0x08, 0x80,
  0xD0, 0x30, 0x0F, 0x0F, 0x0B, 0xB0, 0x01, 0xB0, 0x80, 0x04, 0xB0, 0xC0, 0x30, 0x07, 0x40, 0xA0, 0x60, 0x09, 0x90, 0x30,
  0x0F, 0x0F, 0x0B, 0x61, 0x30, 0xC0, 0x40, 0x04, 0x40, 0xC0, 0xA0, 0x10, 0x07, 0x20, 0x0F, 0x0F, 0x0F, 0x09, 0x30, 0x60,
  0x40, 0x06, 0x60, 0xE0, 0x70, 0x0F, 0x0F, 0x0F, 0x0F, 0x0D, 0xA0, 0xE0, 0x30, 0x0F, 0x0F, 0x0F, 0x0F, 0x0D, 0xB0, 0x70,
  0x10, 0x0F, 0x0F, 0x0F, 0x0F, 0x0F, 0x0F, 0x0F, 0x0F, 0x0F, 0x0F, 0x0F, 0x0F, 0x0F, 0x0F, 0x0F, 0x0F, 0x0F, 0x0F, 0x0F,
  0x0F, 0x0F, 0x0F, 0x0F, 0x0F, 0x0F, 0x0F, 0x0F, 0x0F, 0x0F, 0x0F, 0x0F, 0x0F, 0x0F, 0x0F, 0x0F, 0x0F, 0x0F, 0x04, 0x0F,
  0x0F, 0x0F, 0x0F, 0x0F, 0x0F, 0x0F, 0x0F, 0x0F, 0x0F, 0x0F, 0x0F, 0x0F, 0x0F, 0x0F, 0x0F, 0x0F, 0x0F, 0x0F, 0x0F, 0x0F,
  0x0F, 0x0F, 0x0F, 0x0F, 0x0F, 0x0F, 0x06, 0x60, 0x40, 0x0F, 0x0F, 0x0F, 0x0F, 0x0F, 0x0F, 0x0F, 0x0F, 0x0F, 0x0F, 0x0F,
  0x0F, 0x0F, 0x0F, 0x0F, 0x0F, 0x0F, 0x0F, 0x0F, 0x0F, 0x0F, 0x0F, 0x0F, 0x0F, 0x0F, 0x05, 0xA0, 0x80, 0x00, 0x40, 0x20,
  0x0F, 0x0F, 0x0F, 0x0F, 0x0A, 0x50, 0xD0, 0xB0, 0xD0, 0x50, 0x0F, 0x0F, 0x0F, 0x0F, 0x0A, 0x50, 0xD0, 0xE0, 0x50, 0x0F,
  0x0F, 0x0F, 0x08, 0x20, 0x40, 0x72, 0x40, 0x30, 0x10, 0x09, 0x50, 0xD0, 0xB0, 0xC0, 0x90, 0x0F, 0x0F, 0x0F, 0x05, 0x30,
  0x90, 0xC0, 0xE0, 0xF0, 0xE4, 0xC0, 0x90, 0x40, 0x08, 0x40, 0x00, 0x40, 0xC0, 0x40, 0x0F, 0x0F, 0x0F, 0x02, 0x30, 0xA0,
  0xE0, 0xF0, 0xC0, 0x90, 0x80, 0xA0, 0xB2, 0x90, 0xD0, 0xF0, 0xE0, 0xB0, 0x40, 0x0F, 0x0F, 0x0F, 0x0D, 0x60, 0xD0, 0xE0,
  0xB0, 0x40, 0x01, 0x30, 0xC1, 0xD0, 0xE0, 0x40, 0xB0, 0xF2, 0xE0, 0x80, 0x0F, 0x0F, 0x0F, 0x0B, 0x80, 0xE0, 0xC0, 0x40,
  0x07, 0x20, 0x00, 0xC0, 0xD0, 0xF0, 0xE0, 0xF1, 0x90, 0x10, 0x0F, 0x0F, 0x0F, 0x08, 0x80, 0xE0, 0xB0, 0x10, 0x0A, 0xD0,
  0xF0, 0xE0, 0xF0, 0xE0, 0xF1, 0x90, 0x10, 0x0F, 0x0F, 0x0F, 0x06, 0x60, 0xE0, 0xB0, 0x0B, 0x10, 0xD0, 0xE0, 0xF0, 0xE0,
  0xF2, 0xE0, 0x80, 0x0F, 0x0F, 0x0F, 0x05, 0x30, 0xD1, 0x20, 0x09, 0x10, 0x01, 0xD0, 0xF1, 0xE0, 0xF3, 0xE0, 0x40, 0x0F,
  0x0F, 0x0F, 0x04, 0x90, 0xE0, 0x60, 0x09, 0x10, 0x02, 0xC0, 0xF1, 0xE0, 0xF0, 0xE0, 0xF2, 0xA0, 0x02, 0x70, 0x80, 0x09,
  0x10, 0x0F, 0x0F, 0x03, 0x20, 0xD0, 0xB0, 0x09, 0x10, 0x03, 0xA0, 0xF1, 0xE0, 0xF1, 0xE0, 0xF1, 0xE0, 0x50, 0x01, 0x80,
  0xE0, 0x60, 0x30, 0xB1, 0x20, 0x03, 0x70, 0x30, 0x10, 0x0F, 0x0F, 0x02, 0x70, 0xE0, 0x60, 0x0E, 0x50, 0xD0, 0xF1, 0xE0,
  0xF2, 0xE0, 0xF0, 0x90, 0x02, 0xA0, 0xC0, 0x70, 0xE1, 0x40, 0x03, 0xD1, 0x70, 0x0F, 0x0F, 0x02, 0xB0, 0xD0, 0x10, 0x09,
  0x10, 0x04, 0xB0, 0xF1, 0xE0, 0xF2, 0xE1, 0xC0, 0x02, 0x40, 0xC0, 0x90, 0xA0, 0xB0, 0x40, 0x02, 0x40, 0xC0, 0xE0, 0x40,
  0x0F, 0x0F, 0x02, 0xD0, 0xB0, 0x09, 0x10, 0x05, 0x40, 0xE0, 0xF1, 0xE0, 0xF2, 0xE1, 0x20, 0x02, 0x40, 0xE0, 0x80, 0x05,
  0x30, 0x80, 0x30, 0x0F, 0x0F, 0x01, 0x20, 0xE0, 0x90, 0x0A, 0x10, 0x05, 0x90, 0xF0, 0xE0, 0xF5, 0x50, 0x03, 0x70, 0xD0,
  0x40, 0x0F, 0x0F, 0x09, 0x40, 0xF0, 0x90, 0x09, 0x10, 0x07, 0xC0, 0xF0, 0xE0, 0xF1, 0xE0, 0xF0, 0xE0, 0x40, 0x04, 0xB0,
  0xC0, 0x0F, 0x0F, 0x09, 0x40, 0xF0, 0x80, 0x0A, 0x10, 0x06, 0x20, 0xA0, 0xE2, 0xF0, 0xE0, 0xF0, 0x60, 0x04, 0x30, 0xD0,
  0x90, 0x0B, 0x51, 0x10, 0x0F, 0x09, 0x30, 0xE0, 0x90, 0x0F, 0x04, 0x80, 0xD0, 0xF2, 0xE0, 0x40, 0x05, 0x70, 0xE0, 0x60,
  0x09, 0x90, 0xD1, 0xB0, 0x20, 0x0F, 0x09, 0xD0, 0xB0, 0x0F, 0x05, 0x30, 0xA0, 0xD0, 0xF0, 0xD0, 0x10, 0x06, 0x90, 0xE0,
  0x30, 0x10, 0x07, 0xD0, 0x40, 0x00, 0xA0, 0x70, 0x0F, 0x09, 0xB0, 0xD0, 0x10, 0x50, 0x0F, 0x06, 0xD1, 0x08, 0xC0, 0xB0,
  0x10, 0x07, 0xB0, 0x90, 0x50, 0xD0, 0x70, 0x0F, 0x09, 0x70, 0xE0, 0x80, 0xD0, 0x60, 0x0F, 0x04, 0x40, 0xF0, 0x80, 0x08,
  0x40, 0xF0, 0x80, 0x07, 0x50, 0xC0, 0xD0, 0xB0, 0x10, 0x0F, 0x09, 0x30, 0xD0, 0xC0, 0xD0, 0xC0, 0x10, 0x0F, 0x03, 0xA0,
  0xE0, 0x40, 0x09, 0x80, 0xD0, 0x60, 0x0F, 0x0F, 0x06, 0x90, 0xE0, 0xA0, 0xE0, 0xB0, 0x09, 0x10, 0x07, 0x50, 0xE0, 0xB0,
  0x0A, 0x10, 0xB0, 0xC0, 0x20, 0x0F, 0x0F, 0x05, 0x20, 0xD0, 0xB0, 0xA0, 0xE0, 0x90, 0x10, 0x09, 0x10, 0x04, 0x20, 0xC0,
  0xD0, 0xA0, 0x20, 0x0A, 0x20, 0xD0, 0xA0, 0x09, 0x10, 0x0F, 0x0B, 0x50, 0xE0, 0xC0, 0xA0, 0xD0, 0x30, 0x09, 0x10, 0x04,
  0xA0, 0xE0, 0x90, 0xC0, 0xD0, 0x60, 0x0A, 0x50, 0xD0, 0x70, 0x0F, 0x0F, 0x06, 0x80, 0xD0, 0xB0, 0x30, 0x0E, 0x20, 0xA0,
  0xE0, 0x90, 0x00, 0x20, 0xA0, 0xE0, 0x90, 0x10, 0x09, 0x90, 0xD0, 0x30, 0x04, 0x70, 0x90, 0x0F, 0x0F, 0x80, 0xD1, 0x60,
  0x0C, 0x50, 0xC0, 0xE0, 0x90, 0x60, 0xB0, 0x10, 0x00, 0x70, 0xD0, 0xB0, 0x10, 0x09, 0xB0, 0x60, 0x04, 0xC0, 0xE0, 0x30,
  0x10, 0x0F, 0x0E, 0x60, 0xC0, 0xD0, 0xB0, 0x60, 0x10, 0x07, 0x50, 0xA0, 0xE1, 0x80, 0x00, 0x40, 0xD0, 0x90, 0x01, 0x50,
  0xD1, 0x0A, 0x10, 0x04, 0x60, 0x70, 0x0F, 0x0F, 0x01, 0x20, 0x90, 0xD0, 0xE0, 0xF0, 0xA0, 0x80, 0x73, 0x80, 0xC0, 0xD0,
  0xE0, 0xA0, 0x80, 0xC0, 0x01, 0x60, 0xD0, 0x60, 0x01, 0x40, 0xD1, 0x0F, 0x0F, 0x02, 0x20, 0x0F, 0x01, 0x30, 0x90, 0xB0,
  0xE3, 0xF0, 0xE0, 0xF0, 0xC0, 0x80, 0xC0, 0x90, 0x40, 0xD0, 0x60, 0x01, 0x90, 0xD0, 0x30, 0x01, 0x60, 0xE0, 0xB0, 0x0B,
  0x10, 0x0F, 0x04, 0x50, 0x0A, 0x10, 0x08, 0x20, 0x50, 0x60, 0x70, 0xC0, 0xF0, 0x90, 0x20, 0x00, 0x50, 0xD0, 0x70, 0xA0,
  0xB0, 0x10, 0x01, 0xB1, 0x20, 0x00, 0xB0, 0xC0, 0xE0, 0x60, 0x0F, 0x0F, 0x00, 0x40, 0x0F, 0x07, 0xB0, 0xD0, 0x50, 0x03,
  0x80, 0xE0, 0x40, 0xC0, 0x70, 0x01, 0x30, 0xD0, 0xA0, 0x00, 0xD0, 0x50, 0x90, 0xD0, 0x20, 0x0F, 0x0F, 0x0F, 0x08, 0xD0,
  0x70, 0x04, 0x20, 0xC0, 0x91, 0xC0, 0x30, 0x01, 0x50, 0xE0, 0x80, 0xD0, 0xB0, 0x60, 0xE0, 0x70, 0x0B, 0x10, 0x0F, 0x0F,
  0x0B, 0xB0, 0xC0, 0x05, 0x70, 0xD0, 0x50, 0xC0, 0x90, 0x02, 0x90, 0xE0, 0x70, 0xD1, 0xF0, 0xA0, 0x0E, 0x60, 0xA0, 0x20,
  0x0F, 0x0F, 0x06, 0x40, 0xD0, 0x80, 0x05, 0xB1, 0x60, 0xC0, 0x70, 0x00, 0x80, 0xE0, 0xC0, 0xD0, 0x31, 0xD0, 0xA0, 0x0E,
  0x60, 0xD0, 0x20, 0x0F, 0x0F, 0x07, 0x80, 0xE0, 0x40, 0x04, 0x40, 0xE0, 0x81, 0xE0, 0xC0, 0xD0, 0x70, 0x20, 0xA0, 0xB0,
  0x40, 0xE0, 0x60, 0x02, 0x70, 0x10, 0x0A, 0x10, 0x0F, 0x0F, 0x08, 0x20, 0xC0, 0xA0, 0x20, 0x04, 0x80, 0xD0, 0x40, 0xB0,
  0xE0, 0x30, 0x01, 0x60, 0xE0, 0x40, 0xA0, 0xB0, 0x02, 0xD0, 0x80, 0x09, 0x10, 0x0F, 0x0F, 0x0A, 0x40, 0xE0, 0x80, 0x05,
  0xD0, 0xB0, 0x40, 0xD0, 0x90, 0x01, 0x50, 0xD0, 0x40, 0x50, 0xE0, 0x40, 0x01, 0x60, 0xD0, 0x50, 0x09, 0x10, 0x0F, 0x0F,
  0x0A, 0xA0, 0xE0, 0x20, 0x04, 0x50, 0xE0, 0x60, 0x70, 0xE0, 0xB0, 0x90, 0xD0, 0xA0, 0x01, 0xB0, 0x90, 0x02, 0x90, 0xC0,
  0x20, 0x0F, 0x0F, 0x0F, 0x04, 0x30, 0xD0, 0x90, 0x05, 0xB0, 0xC0, 0x20, 0x50, 0xB0, 0xC0, 0x90, 0x02, 0x90, 0xC0, 0x03,
  0xB0, 0x50, 0x0F, 0x05, 0x10, 0x0F, 0x0E, 0x60, 0xD0, 0x60, 0x03, 0x70, 0xD0, 0xE0, 0xB0, 0x20, 0x05, 0x70, 0xD0, 0x10,
  0x0F, 0x0F, 0x0F, 0x0B, 0x90, 0xC0, 0x01, 0x30, 0xA0, 0xE0, 0x90, 0x40, 0xC0, 0xB0, 0x10, 0x04, 0x50, 0xE0, 0x40, 0x0F,
  0x0F, 0x0F, 0x0B, 0x40, 0xD0, 0x90, 0x80, 0xE0, 0xC0, 0xA0, 0xE0, 0x60, 0x50, 0xE0, 0xC0, 0x40, 0x03, 0x50, 0xE2, 0x80,
  0x0A, 0x10, 0x0F, 0x06, 0x20, 0x00, 0x20, 0x30, 0x0F, 0x03, 0x80, 0xD1, 0x80, 0x01, 0xA0, 0xE0, 0x80, 0x40, 0xD1, 0x90,
  0x20, 0x30, 0xA0, 0xE0, 0x90, 0x40, 0x90, 0xC0, 0x30, 0x09, 0x10, 0x0F, 0x06, 0x50, 0x70, 0xB0, 0xC0, 0x60, 0x0F, 0x09,
  0x80, 0xE0, 0xC0, 0x40, 0x90, 0xC0, 0xE0, 0xF0, 0xD0, 0x60, 0x10, 0x00, 0x80, 0xE0, 0x10, 0x0A, 0x10, 0x0F, 0x06, 0x60,
  0xA0, 0xC0, 0x70, 0x0F, 0x0A, 0x50, 0xD0, 0xE0, 0xB1, 0xE0, 0xA0, 0x30, 0x01, 0x80, 0xE0, 0x80, 0x0B, 0x10, 0x0F, 0x06,
  0x20, 0x10, 0x40, 0x0F, 0x0D, 0x80, 0xE0, 0xC0, 0xE0, 0x50, 0x00, 0x30, 0xA0, 0xD0, 0x60, 0x06, 0xA0, 0x20, 0x0F, 0x0F,
  0x0F, 0x0C, 0xA0, 0xD0, 0x40, 0xD0, 0xA0, 0x90, 0xE0, 0xC0, 0x40, 0x07, 0xC0, 0xB0, 0x0F, 0x03, 0x10, 0x0F, 0x0F, 0x07,
  0xB1, 0x00, 0xA0, 0xE0, 0xC0, 0x70, 0x09, 0x40, 0xB0, 0x20, 0x0F, 0x0F, 0x0F, 0x0B, 0x40, 0xC0, 0xE0, 0xD0, 0x90, 0x0F,
  0x0F, 0x0F, 0x00, 0x50, 0x20, 0x0F, 0x08, 0x20, 0x30, 0x20, 0x0F, 0x0F, 0x0F, 0x01, 0xC1, 0x0A, 0x90, 0x70, 0x0F, 0x0F,
  0x0F, 0x0F, 0x00, 0x70, 0x90, 0x10, 0x09, 0xA0, 0xD0, 0x30, 0x0F, 0x0F, 0x0F, 0x0F, 0x0C, 0x20, 0xC0, 0xB0, 0x0F, 0x0F,
  0x0F, 0x0F, 0x0D, 0x50, 0xE0, 0x90, 0x0F, 0x05, 0xA0, 0x70, 0x0F, 0x0F, 0x0F, 0x05, 0x80, 0xE0, 0x70, 0x08, 0x80, 0xB0,
  0x09, 0x80, 0xD0, 0x40, 0x0F, 0x0F, 0x0F, 0x05, 0xB0, 0xE0, 0x30, 0x07, 0x40, 0xD0, 0x90, 0x09, 0x90, 0xC0, 0x0F, 0x0F,
  0x0D, 0x70, 0xC0, 0xD0, 0x90, 0x03, 0x30, 0xD0, 0x90, 0x20, 0x07, 0x70, 0xD0, 0x40, 0x08, 0x30, 0x50, 0x10, 0x0F, 0x0F,
  0x0C, 0x70, 0x21, 0xB0, 0x50, 0x03, 0x70, 0xD0, 0x70, 0x08, 0x40, 0x10, 0x0F, 0x0F, 0x0F, 0x08, 0x20, 0x01, 0xA0, 0x50,
  0x04, 0x90, 0xE0, 0x40, 0x0F, 0x0F, 0x0F, 0x0F, 0x05, 0x40, 0x06, 0xD0, 0xC0, 0x0F, 0x0F, 0x0F, 0x0F, 0x0D, 0x20, 0x60,
  0x20, 0x0F, 0x0F, 0x0F, 0x0F, 0x0F, 0x0F, 0x0F, 0x0F, 0x0F, 0x0F, 0x0F, 0x0F, 0x0F, 0x0F, 0x0F, 0x0F, 0x0F, 0x0F, 0x0F,
  0x0F, 0x0F, 0x0F, 0x0F, 0x0F, 0x0F, 0x0F, 0x0F, 0x0F, 0x0F, 0x0F, 0x0F, 0x0F, 0x04, 0x0F, 0x0F, 0x0F, 0x0F, 0x0F, 0x0F,
  0x0F, 0x0F, 0x0F, 0x0F, 0x0F, 0x0F, 0x0F, 0x0F, 0x0F, 0x0F, 0x0F, 0x0F, 0x0F, 0x0F, 0x0F, 0x0F, 0x0F, 0x0F, 0x0F, 0x0F,
  0x0F, 0x0F, 0x0F, 0x0F, 0x0F, 0x0F, 0x0F, 0x0F, 0x0F, 0x0F, 0x0F, 0x0F, 0x0F, 0x0F, 0x0F, 0x0F, 0x0F, 0x0F, 0x0F, 0x0F,
  0x0F, 0x0F, 0x0F, 0x0F, 0x0F, 0x0F, 0x0F, 0x0F, 0x0F, 0x0F, 0x0F, 0x0F, 0x0F, 0x0F, 0x0F, 0x0F, 0x0B, 0x80, 0xD0, 0x50,
  0x0F, 0x0F, 0x0F, 0x0C, 0x20, 0x40, 0x50, 0x60, 0x50, 0x40, 0x20, 0x08, 0x90, 0xE0, 0x60, 0x0F, 0x0F, 0x0F, 0x09, 0x30,
  0x90, 0xC0, 0xE1, 0xF0, 0xE0, 0xF0, 0xE0, 0xD0, 0xB0, 0x80, 0x30, 0x0F, 0x0F, 0x0F, 0x0F, 0x00, 0x30, 0xA0, 0xE1, 0xC0,
  0xA0, 0xC1, 0xB1, 0x90, 0xD0, 0xF0, 0xE0, 0xD0, 0x90, 0x20, 0x0F, 0x0F, 0x0F, 0x0D, 0x60, 0xD0, 0xF0, 0xA0, 0x40, 0x00,
  0x80, 0xE0, 0xD1, 0xF0, 0xA0, 0xE1, 0xF2, 0xD0, 0x50, 0x0F, 0x0F, 0x0F, 0x0B, 0x80, 0xD0, 0xC0, 0x50, 0x03, 0x20, 0x02,
  0x70, 0xE0, 0xF4, 0xE0, 0x80, 0x0A, 0x30, 0x0F, 0x0F, 0x0D, 0x80, 0xE0, 0xB0, 0x10, 0x08, 0x90, 0xF1, 0xE0, 0xF3, 0xE0,
  0x90, 0x08, 0x10, 0xC0, 0x50, 0x10, 0x60, 0x10, 0x0F, 0x0F, 0x08, 0x70, 0xE0, 0xB0, 0x09, 0x10, 0xB0, 0xF3, 0xE0, 0xF2,
  0xE0, 0x60, 0x10, 0x07, 0x80, 0xC1, 0xB0, 0x20, 0x0F, 0x0F, 0x07, 0x30, 0xD0, 0xC0, 0x10, 0x09, 0x10, 0xB0, 0xF8, 0xD0,
  0x30, 0x06, 0x20, 0x80, 0xE0, 0xD0, 0x20, 0x0F, 0x0F, 0x03, 0x70, 0xA0, 0x02, 0xA0, 0xE0, 0x50, 0x10, 0x08, 0x10, 0x00,
  0xB0, 0xF9, 0x90, 0x06, 0x90, 0xC0, 0x70, 0xD0, 0x70, 0x0F, 0x0F, 0x02, 0x20, 0xD0, 0xA0, 0x01, 0x30, 0xE0, 0xA0, 0x08,
  0x10, 0x02, 0x80, 0xE0, 0xF1, 0xE0, 0xF3, 0xE0, 0xF1, 0x30, 0x05, 0x30, 0x20, 0x00, 0x80, 0xC0, 0x08, 0x10, 0x0F, 0x08,
  0x60, 0xE0, 0x40, 0x01, 0x80, 0xE0, 0x50, 0x0C, 0x60, 0xF6, 0xE0, 0xF2, 0x80, 0x09, 0x20, 0x0F, 0x0F, 0x02, 0xA0, 0xC0,
  0x02, 0xC1, 0x0B, 0x10, 0x01, 0xD0, 0xF6, 0xE0, 0xF1, 0xB0, 0x10, 0x0F, 0x0F, 0x0C, 0xC0, 0xA0, 0x01, 0x20, 0xD0, 0xA0,
  0x08, 0x10, 0x04, 0x80, 0xE0, 0xF7, 0xE0, 0xD0, 0x0F, 0x0F, 0x0D, 0xC0, 0x80, 0x01, 0x30, 0xE0, 0x90, 0x09, 0x10, 0x03,
  0x20, 0xD0, 0xF9, 0x30, 0x04, 0x70, 0x40, 0x0F, 0x0F, 0x05, 0xD0, 0x70, 0x01, 0x30, 0xE0, 0x80, 0x09, 0x10, 0x04, 0x60,
  0xD0, 0xF7, 0xE0, 0x50, 0x04, 0xA0, 0xC0, 0x20, 0x0F, 0x0F, 0x04, 0xD0, 0x80, 0x01, 0x40, 0xF0, 0x80, 0x0F, 0x00, 0x80,
  0xE0, 0xF3, 0xE0, 0xF2, 0x40, 0x04, 0x30, 0xD0, 0x90, 0x0F, 0x0F, 0x04, 0xC0, 0x90, 0x01, 0x40, 0xE0, 0x80, 0x0F, 0x01,
  0x90, 0xE0, 0xF0, 0xE0, 0xD0, 0xF3, 0x30, 0x05, 0x70, 0xE0, 0x60, 0x0F, 0x0F, 0x03, 0xB1, 0x01, 0x20, 0xD0, 0xA0, 0x0F,
  0x02, 0x60, 0xD0, 0xF4, 0xD0, 0x07, 0x90, 0xD0, 0x30, 0x60, 0xC0, 0xA0, 0x03, 0x50, 0x70, 0x40, 0x0F, 0x08, 0x80, 0xD0,
  0x02, 0xC1, 0x00, 0x30, 0x0F, 0x01, 0x20, 0x90, 0xC0, 0xE0, 0xF1, 0xB0, 0x10, 0x06, 0x20, 0xC1, 0x90, 0xD1, 0x20, 0x02,
  0x50, 0xE0, 0xD0, 0x40, 0x0F, 0x00, 0x10, 0x05, 0x40, 0xE0, 0x50, 0x01, 0x90, 0xE0, 0x70, 0xD0, 0x50, 0x0F, 0x03, 0x60,
  0xA0, 0xF0, 0x80, 0x08, 0x40, 0xF0, 0x90, 0xC0, 0x90, 0x03, 0x90, 0xD0, 0xC0, 0x10, 0x0F, 0x00, 0x10, 0x06, 0xA0, 0x50,
  0x01, 0x40, 0xE0, 0xB0, 0xF0, 0xB0, 0x09, 0x10, 0x09, 0xA0, 0xE0, 0x30, 0x09, 0x80, 0xD0, 0x50, 0x10, 0x03, 0x20, 0x00,
  0x80, 0x10, 0x0F, 0x0D, 0xA0, 0xE0, 0xA0, 0xF0, 0x80, 0x09, 0x10, 0x07, 0x60, 0xF0, 0x90, 0x08, 0x10, 0x01, 0xB1, 0x20,
  0x0F, 0x0F, 0x05, 0x40, 0xE0, 0xC1, 0xE0, 0x60, 0x0F, 0x00, 0x30, 0xC0, 0xF0, 0x80, 0x0B, 0x30, 0xD0, 0xA0, 0x0F, 0x0F,
  0x06, 0x70, 0xE0, 0xB0, 0xC0, 0xE0, 0x80, 0x08, 0x10, 0x05, 0xA0, 0xE0, 0xB0, 0xE0, 0xC0, 0x30, 0x0A, 0x60, 0xD0, 0x70,
  0x0B, 0x20, 0x0A, 0x20, 0x90, 0xA0, 0x60, 0x0A, 0x90, 0xE0, 0xA0, 0xB0, 0xE0, 0x80, 0x0C, 0x20, 0xA0, 0xF0, 0x80, 0x00,
  0x50, 0xC1, 0x60, 0x08, 0x10, 0x00, 0x90, 0xC0, 0x30, 0x08, 0x10, 0x90, 0x70, 0x0A, 0x80, 0x91, 0xC0, 0x50, 0x0A, 0x90,
  0xE0, 0xB0, 0x90, 0x60, 0x10, 0x0A, 0x60, 0xC0, 0xE0, 0x80, 0x02, 0x30, 0xA0, 0xF0, 0x80, 0x09, 0x10, 0xB1, 0x09, 0xC0,
  0x20, 0x0A, 0x70, 0x01, 0x80, 0x90, 0x0B, 0x90, 0xE1, 0xA0, 0x40, 0x08, 0x40, 0xA0, 0xE0, 0xD0, 0x70, 0x05, 0x80, 0xD0,
  0x80, 0x09, 0x40, 0xD0, 0x80, 0x08, 0xA0, 0x40, 0x0A, 0x80, 0x30, 0x20, 0xB0, 0x80, 0x0C, 0x40, 0xA0, 0xE1, 0xA0, 0x90,
  0x60, 0x50, 0x60, 0x50, 0x70, 0xA0, 0xC0, 0xE0, 0xD0, 0xC0, 0x80, 0x10, 0x00, 0x30, 0x80, 0x03, 0x80, 0xC0, 0x90, 0x09,
  0x80, 0xD0, 0x50, 0x10, 0x06, 0x70, 0xA0, 0x50, 0x09, 0x20, 0x90, 0xB0, 0xA0, 0x0F, 0x40, 0xA0, 0xC0, 0xE1, 0xF0, 0xE0,
  0xF0, 0xE0, 0xF1, 0x90, 0x40, 0x80, 0xC0, 0x10, 0x00, 0x40, 0xE0, 0x90, 0x03, 0x90, 0xE0, 0x80, 0x09, 0x90, 0xC0, 0x20,
  0x0F, 0x0F, 0x0A, 0x30, 0x60, 0x90, 0xE0, 0xD0, 0x70, 0x30, 0xB0, 0xA0, 0x00, 0x30, 0xD0, 0x70, 0x01, 0x70, 0xE0, 0x60,
  0x01, 0x90, 0xE1, 0xF0, 0x40, 0x08, 0x20, 0xD0, 0xA0, 0x0F, 0x0F, 0x0B, 0x50, 0xC0, 0x90, 0x20, 0x01, 0x40, 0xF0, 0x70,
  0x00, 0x80, 0xD0, 0x20, 0x01, 0x80, 0xD0, 0x40, 0x60, 0xE0, 0x80, 0x70, 0xE0, 0xA0, 0x09, 0x60, 0xC0, 0x30, 0x0F, 0x0F,
  0x0A, 0x90, 0xD0, 0x04, 0x90, 0xE0, 0x30, 0x20, 0xC0, 0x90, 0x02, 0xB1, 0x90, 0xD0, 0x10, 0x00, 0xA0, 0xE0, 0x40, 0x09,
  0x20, 0x0F, 0x0F, 0x0B, 0x50, 0xE0, 0x60, 0x03, 0x20, 0xC0, 0xA0, 0x00, 0x60, 0xD0, 0x70, 0x01, 0x30, 0xD2, 0x70, 0x50,
  0xC0, 0xE0, 0x50, 0x0A, 0x10, 0x06, 0x70, 0x30, 0x0F, 0x0F, 0x02, 0xA0, 0xD0, 0x20, 0x03, 0x60, 0xE0, 0x60, 0x00, 0xA0,
  0xB0, 0x20, 0x01, 0xB0, 0xF0, 0xD2, 0xB0, 0xD0, 0x70, 0x0F, 0x01, 0x20, 0xD0, 0xA0, 0x0F, 0x0F, 0x02, 0x20, 0xD0, 0xA0,
  0x04, 0x90, 0xE0, 0x31, 0xD0, 0xA0, 0x60, 0xC0, 0xD0, 0xA0, 0xD0, 0x50, 0x30, 0x70, 0xE0, 0x40, 0x0F, 0x02, 0x60, 0x30,
  0x0F, 0x0F, 0x03, 0x70, 0xE0, 0x50, 0x03, 0x20, 0xD0, 0xA0, 0x00, 0x60, 0xE0, 0xD0, 0xC0, 0x30, 0x00, 0xA0, 0xC0, 0x21,
  0xC0, 0x80, 0x08, 0x10, 0x0F, 0x09, 0x90, 0x71, 0x0F, 0x02, 0xB1, 0x20, 0x03, 0x60, 0xD0, 0x70, 0x00, 0xA0, 0xC0, 0x20,
  0x01, 0x30, 0xD0, 0x40, 0x00, 0x80, 0xD0, 0x10, 0x02, 0xB0, 0x50, 0x0B, 0x10, 0x0F, 0x00, 0x90, 0xE0, 0x90, 0x0F, 0x02,
  0x30, 0xC0, 0x80, 0x04, 0xA0, 0xC0, 0x21, 0xC1, 0x20, 0x00, 0x80, 0xD0, 0x20, 0x00, 0x30, 0xD0, 0x40, 0x02, 0xA0, 0xC0,
  0x10, 0x0F, 0x0C, 0x50, 0x90, 0x80, 0x0F, 0x03, 0x80, 0xE0, 0x40, 0x03, 0x40, 0xD0, 0x70, 0x00, 0x50, 0xD1, 0xC0, 0xE0,
  0x60, 0x02, 0xC0, 0x80, 0x10, 0x01, 0x20, 0xC0, 0xA0, 0x0F, 0x0E, 0x20, 0x0F, 0x04, 0xB1, 0x03, 0x20, 0xC0, 0x90, 0x80,
  0x30, 0x20, 0x70, 0x80, 0x40, 0x03, 0xB0, 0xA0, 0x03, 0x60, 0xE0, 0x60, 0x10, 0x0A, 0x10, 0x0F, 0x0F, 0x06, 0x50, 0xD0,
  0x70, 0x01, 0x60, 0xD2, 0xC1, 0x20, 0x06, 0xA0, 0xB0, 0x04, 0x50, 0x40, 0x0F, 0x0F, 0x0F, 0x04, 0x90, 0xD0, 0x60, 0xA0,
  0xE0, 0x90, 0x40, 0xC3, 0x50, 0x05, 0x90, 0xD0, 0x60, 0x20, 0x0B, 0x10, 0x0F, 0x0F, 0x0D, 0xD1, 0xC0, 0x50, 0x10, 0x00,
  0x40, 0xD0, 0xC2, 0x70, 0x02, 0x40, 0xA0, 0xF0, 0xC0, 0xE0, 0xC0, 0x20, 0x09, 0x10, 0x0F, 0x0F, 0x0F, 0x20, 0x04, 0x30,
  0xB0, 0xE0, 0xB0, 0xD0, 0xB0, 0x91, 0xD0, 0xC0, 0x90, 0x00, 0x50, 0xC0, 0x30, 0x0A, 0x10, 0x0F, 0x0F, 0x0F, 0x06, 0x90,
  0xE0, 0xD0, 0xE2, 0xB0, 0x20, 0x01, 0xA0, 0xC0, 0x10, 0x08, 0x10, 0x0F, 0x0F, 0x0F, 0x09, 0x30, 0x90, 0xE0, 0xF0, 0x90,
  0x01, 0x40, 0xB0, 0xE0, 0x60, 0x0F, 0x0F, 0x0F, 0x0F, 0x05, 0xA0, 0xE1, 0x50, 0x10, 0x70, 0xE0, 0xC0, 0x40, 0x08, 0x30,
  0x0F, 0x0F, 0x0F, 0x0C, 0xC0, 0x80, 0xB0, 0xE0, 0xD0, 0xC0, 0x90, 0x09, 0x20, 0xC0, 0x70, 0x0F, 0x0F, 0x0F, 0x0B, 0x90,
  0xE1, 0xD0, 0x80, 0x30, 0x0B, 0x90, 0xA0, 0x0F, 0x0F, 0x0F, 0x0C, 0x30, 0x50, 0x10, 0x0F, 0x0F, 0x0F, 0x01, 0x21, 0x0F,
  0x0F, 0x0F, 0x0F, 0x0C, 0x10, 0x80, 0xC0, 0x10, 0x0F, 0x0F, 0x0F, 0x0F, 0x0C, 0x20, 0x80, 0x0F, 0x0F, 0x0F, 0x0F, 0x0F,
  0x0C, 0x91, 0x0F, 0x0F, 0x0F, 0x0F, 0x0D, 0x80, 0xE0, 0x60, 0x0F, 0x04, 0x20, 0xC0, 0x30, 0x0F, 0x0F, 0x0F, 0x05, 0xB0,
  0xD0, 0x30, 0x0F, 0x04, 0xA0, 0xB0, 0x10, 0x0F, 0x0F, 0x0F, 0x04, 0x30, 0xD0, 0xA0, 0x08, 0x30, 0xD0, 0x50, 0x08, 0x20,
  0x70, 0x0F, 0x0F, 0x0F, 0x06, 0x60, 0xE0, 0x70, 0x08, 0x90, 0xD0, 0x20, 0x0F, 0x0F, 0x0F, 0x0F, 0x01, 0x90, 0xE0, 0x40,
  0x08, 0x90, 0x20, 0x0F, 0x0F, 0x0F, 0x0F, 0x01, 0x20, 0xC1, 0x20, 0x0F, 0x0F, 0x0F, 0x0F, 0x0C, 0x20, 0x60, 0x20, 0x0F,
  0x0F, 0x0F, 0x0F, 0x0F, 0x0F, 0x0F, 0x0F, 0x0F, 0x0F, 0x0F, 0x0F, 0x0F, 0x0F, 0x0F, 0x0F, 0x0F, 0x0F, 0x0F, 0x0F, 0x0F,
  0x0F, 0x0F, 0x0F, 0x0F, 0x0F, 0x0F, 0x0F, 0x0F, 0x0F, 0x0F, 0x0F, 0x04, 0x0F, 0x0F, 0x0F, 0x0F, 0x0F, 0x0F, 0x0F, 0x0F,
  0x0F, 0x0F, 0x0F, 0x0F, 0x0F, 0x0F, 0x0F, 0x0F, 0x0F, 0x0F, 0x0F, 0x0F, 0x0F, 0x0F, 0x0F, 0x0F, 0x0F, 0x0F, 0x0F, 0x0F,
  0x0F, 0x0F, 0x0F, 0x0F, 0x0F, 0x0F, 0x0F, 0x0F, 0x0F, 0x0F, 0x0F, 0x0F, 0x0F, 0x0F, 0x0F, 0x0F, 0x0F, 0x0F, 0x0F, 0x0F,
  0x0F, 0x0F, 0x0F, 0x0F, 0x0F, 0x0F, 0x0F, 0x0F, 0x0F, 0x0F, 0x0F, 0x0F, 0x0F, 0x0F, 0x0F, 0x0F, 0x0F, 0x0F, 0x0B, 0x20,
  0x40, 0x50, 0x60, 0x50, 0x40, 0x20, 0x09, 0x60, 0xA0, 0x30, 0x0F, 0x0F, 0x0F, 0x08, 0x30, 0x80, 0xC0, 0xD0, 0xE2, 0xF0,
  0xE0, 0xD0, 0xB0, 0x80, 0x30, 0x06, 0xA0, 0xF0, 0x70, 0x0F, 0x0F, 0x0F, 0x06, 0x30, 0xA0, 0xE1, 0xD3, 0xB0, 0xA0, 0x80,
  0xE0, 0xF0, 0xE0, 0xD0, 0x90, 0x20, 0x04, 0x40, 0x80, 0x20, 0x0F, 0x0F, 0x0F, 0x05, 0x60, 0xD0, 0xE0, 0xA0, 0x80, 0xE2,
  0xC0, 0xE0, 0xD0, 0x90, 0xE0, 0xF3, 0xD0, 0x50, 0x0F, 0x0F, 0x0F, 0x0B, 0x80, 0xD0, 0xC0, 0x50, 0x00, 0x30, 0x70, 0x30,
  0x02, 0x40, 0xE0, 0xF5, 0xE0, 0x80, 0x0F, 0x0F, 0x0F, 0x09, 0x80, 0xE0, 0xB0, 0x10, 0x07, 0xA0, 0xF2, 0xE0, 0xF3, 0xE0,
  0x90, 0x0F, 0x0F, 0x0F, 0x07, 0x70, 0xE0, 0xB0, 0x08, 0x20, 0xD0, 0xF4, 0xE0, 0xF2, 0xE0, 0x60, 0x10, 0x07, 0x20, 0xA0,
  0x20, 0x00, 0x20, 0x0F, 0x0F, 0x07, 0x30, 0xD0, 0xC0, 0x10, 0x08, 0x60, 0xE0, 0xF9, 0xD0, 0x30, 0x08, 0xB0, 0xA0, 0x90,
  0xB0, 0x20, 0x0F, 0x0F, 0x06, 0xA0, 0xE0, 0x50, 0x10, 0x08, 0x80, 0xE0, 0xFA, 0x90, 0x08, 0x50, 0xE1, 0x50, 0x0F, 0x0F,
  0x06, 0x30, 0xE0, 0xA0, 0x08, 0x10, 0x00, 0x90, 0xF1, 0xE0, 0xF1, 0xE0, 0xF3, 0xE0, 0xF1, 0x30, 0x06, 0x70, 0xD0, 0xB0,
  0xD0, 0x40, 0x07, 0x10, 0x0F, 0x0D, 0x80, 0xE0, 0x50, 0x0A, 0x90, 0xF8, 0xE0, 0xF2, 0x80, 0x06, 0x70, 0x60, 0x00, 0xA0,
  0xB0, 0x0F, 0x0F, 0x06, 0xC1, 0x0B, 0x70, 0xF9, 0xE0, 0xF1, 0xB0, 0x10, 0x08, 0x10, 0x70, 0x0F, 0x0F, 0x01, 0x40, 0x20,
  0x01, 0x20, 0xD0, 0xA0, 0x08, 0x10, 0x01, 0x40, 0xE1, 0xF0, 0xE0, 0xF7, 0xE0, 0xD0, 0x0F, 0x0F, 0x0D, 0xD0, 0x90, 0x01,
  0x30, 0xE0, 0x90, 0x09, 0x10, 0x01, 0xD0, 0xFC, 0x30, 0x0F, 0x0F, 0x0B, 0x20, 0xD0, 0x70, 0x01, 0x40, 0xF0, 0x80, 0x09,
  0x10, 0x01, 0x80, 0xFB, 0xE0, 0x50, 0x0F, 0x0F, 0x0C, 0xD0, 0x80, 0x01, 0x60, 0xF0, 0x80, 0x0C, 0x20, 0xD0, 0xF7, 0xE0,
  0xF2, 0x40, 0x0F, 0x0F, 0x0C, 0xC0, 0x90, 0x01, 0x40, 0xE0, 0x80, 0x0D, 0x40, 0xD0, 0xE0, 0xF4, 0xD0, 0xF3, 0x30, 0x0F,
  0x0F, 0x0C, 0xB1, 0x01, 0x20, 0xD0, 0xA0, 0x0E, 0x70, 0xF9, 0xD0, 0x0F, 0x0F, 0x0D, 0x80, 0xD0, 0x02, 0xC1, 0x0F, 0x60,
  0xC0, 0xF7, 0xB0, 0x10, 0x07, 0x50, 0x90, 0x10, 0x40, 0xA0, 0x70, 0x03, 0x20, 0x30, 0x0F, 0x01, 0x10, 0x05, 0x40, 0xE0,
  0x70, 0x01, 0x90, 0xE0, 0x40, 0x0F, 0x20, 0x80, 0xE2, 0xF3, 0x80, 0x08, 0x40, 0xF0, 0x80, 0xA0, 0xD1, 0x20, 0x02, 0x70,
  0xD0, 0xC0, 0x30, 0x0F, 0x10, 0x06, 0xC0, 0xA0, 0x01, 0x40, 0xE0, 0xA0, 0x0B, 0x10, 0x04, 0x20, 0x60, 0xA0, 0xD0, 0xB0,
  0xE1, 0x30, 0x09, 0x80, 0xD0, 0x80, 0xD1, 0x10, 0x02, 0x70, 0xE0, 0xC0, 0x10, 0x0F, 0x07, 0x70, 0xD0, 0x20, 0x01, 0xA0,
  0xE0, 0x40, 0x0B, 0x10, 0x07, 0x60, 0xE0, 0x90, 0x08, 0x10, 0x01, 0xB0, 0xC0, 0x30, 0x04, 0x50, 0x70, 0xB0, 0x10, 0x0F,
  0x07, 0x20, 0xD0, 0x90, 0x01, 0x40, 0xE0, 0xC0, 0x20, 0x0F, 0x02, 0x30, 0xC0, 0xF0, 0x80, 0x0B, 0x30, 0xD0, 0xA0, 0x0F,
  0x0F, 0x01, 0x90, 0xE0, 0x30, 0x01, 0x70, 0xE0, 0xA0, 0x00, 0x81, 0x08, 0x10, 0x05, 0xA0, 0xE0, 0xB0, 0xE0, 0xC0, 0x30,
  0x0A, 0x60, 0xC0, 0x70, 0x0F, 0x0F, 0x00, 0x20, 0xD0, 0xB0, 0x02, 0x90, 0xF0, 0xA0, 0xB0, 0xE0, 0xA0, 0x30, 0x0B, 0x20,
  0xA0, 0xF0, 0x80, 0x00, 0x50, 0xC1, 0x60, 0x08, 0x10, 0x00, 0x90, 0xD0, 0x40, 0x08, 0x10, 0x0E, 0x60, 0x70, 0x20, 0x04,
  0x60, 0xE0, 0x80, 0x02, 0x90, 0xF0, 0xA1, 0xD1, 0x90, 0x40, 0x08, 0x60, 0xC0, 0xE0, 0x80, 0x02, 0x30, 0xA0, 0xF0, 0x80,
  0x09, 0x10, 0xB1, 0x0A, 0x50, 0x20, 0x0A, 0x80, 0xC1, 0xB0, 0x20, 0x04, 0x90, 0xF0, 0x40, 0x02, 0x90, 0xE1, 0xB0, 0xC0,
  0xE1, 0x10, 0x05, 0x40, 0xA0, 0xE0, 0xD0, 0x70, 0x05, 0x80, 0xE0, 0x80, 0x09, 0x40, 0xD0, 0x80, 0x09, 0xB0, 0x0B, 0xB0,
  0x00, 0x10, 0xB0, 0x80, 0x04, 0x20, 0xD0, 0xB0, 0x10, 0x02, 0x40, 0xA0, 0xE1, 0xC0, 0xA0, 0x80, 0x52, 0x70, 0x90, 0xB0,
  0xE1, 0xA0, 0x30, 0x07, 0x80, 0xC0, 0x90, 0x09, 0x80, 0xD0, 0x50, 0x10, 0x07, 0xB0, 0x0A, 0x10, 0x80, 0x10, 0x00, 0xB0,
  0x90, 0x05, 0x50, 0xD0, 0x90, 0x04, 0x40, 0xA0, 0xC0, 0xE5, 0xF0, 0xC0, 0xA0, 0x40, 0x0A, 0x90, 0xE0, 0x80, 0x09, 0x90,
  0xC0, 0x20, 0x07, 0x80, 0x60, 0x0A, 0x70, 0xA0, 0xB0, 0xC0, 0x40, 0x06, 0x80, 0xE0, 0x30, 0x06, 0x30, 0x50, 0x80, 0xE1,
  0xC0, 0xD0, 0x50, 0xA0, 0x02, 0x80, 0x40, 0x06, 0x10, 0x90, 0xD0, 0x30, 0x08, 0x20, 0xD0, 0xA0, 0x0F, 0x05, 0x40, 0x60,
  0x30, 0x07, 0x10, 0x70, 0x20, 0x07, 0x20, 0xC0, 0xB0, 0x40, 0x00, 0xC0, 0xB0, 0xC0, 0x50, 0x01, 0xB0, 0xD0, 0x20, 0x02,
  0x30, 0xB0, 0xD0, 0xC0, 0x60, 0xB0, 0xA0, 0x09, 0x60, 0xE0, 0x80, 0x0F, 0x0F, 0x0A, 0x70, 0xE0, 0x30, 0x01, 0x50, 0xD0,
  0xC0, 0xB0, 0x01, 0x30, 0xC0, 0xA0, 0x02, 0xB0, 0xC0, 0x60, 0xA0, 0xD0, 0x70, 0xE0, 0x40, 0x09, 0x90, 0xE0, 0x30, 0x0F,
  0x0F, 0x09, 0x20, 0xD0, 0xA0, 0x02, 0x90, 0xE1, 0x60, 0x01, 0x40, 0xE0, 0x80, 0x01, 0xE0, 0x80, 0x00, 0x10, 0xE0, 0x60,
  0xD0, 0x50, 0x0A, 0xC0, 0xB0, 0x0F, 0x0F, 0x0A, 0x70, 0xE0, 0x50, 0x01, 0x20, 0xC0, 0xE0, 0xC0, 0x20, 0x01, 0x80, 0xE0,
  0x60, 0x00, 0xC0, 0xB0, 0x50, 0xA0, 0xD0, 0x40, 0xD0, 0x70, 0x0A, 0x40, 0xD0, 0x80, 0x0F, 0x0F, 0x0A, 0xB0, 0xC0, 0x10,
  0x01, 0x60, 0xC0, 0xF0, 0x90, 0x02, 0xA0, 0xD0, 0x30, 0x40, 0xC0, 0xD1, 0x90, 0x70, 0xE0, 0x40, 0x0B, 0x70, 0xE0, 0x50,
  0x03, 0x20, 0x70, 0x0F, 0x0F, 0x03, 0x30, 0xD0, 0x90, 0x02, 0x90, 0xF0, 0xE0, 0x50, 0x00, 0x10, 0x90, 0xF0, 0xC0, 0x20,
  0x00, 0x30, 0x20, 0x00, 0x20, 0xC0, 0x80, 0x08, 0x10, 0x02, 0xA0, 0x90, 0x10, 0x03, 0x20, 0x0F, 0x0F, 0x04, 0x70, 0xE0,
  0x50, 0x01, 0x20, 0xC0, 0xF0, 0xC0, 0x60, 0xB0, 0xE0, 0x70, 0xD0, 0x90, 0x10, 0x03, 0x80, 0xD0, 0x10, 0x0F, 0x0F, 0x03,
  0x70, 0x20, 0x30, 0x0F, 0x02, 0xB0, 0xC0, 0x20, 0x01, 0x50, 0xE1, 0xF0, 0xA0, 0x30, 0x00, 0x50, 0xE0, 0x50, 0x03, 0x30,
  0xD0, 0x40, 0x0F, 0x0F, 0x03, 0x90, 0xD0, 0xA0, 0x0F, 0x02, 0x30, 0xD0, 0x80, 0x02, 0x90, 0xF1, 0x60, 0x02, 0xD0, 0x70,
  0x04, 0xC0, 0x80, 0x10, 0x02, 0x91, 0x0F, 0x0D, 0x80, 0xC0, 0x60, 0x0F, 0x03, 0x70, 0xD0, 0x40, 0x01, 0x20, 0xC0, 0xD0,
  0xC0, 0x50, 0x00, 0x70, 0xE0, 0x50, 0x04, 0xB0, 0xA0, 0x03, 0x30, 0xD0, 0x60, 0x10, 0x0A, 0x10, 0x0F, 0x00, 0x40, 0x50,
  0x0F, 0x04, 0xB0, 0xC0, 0x20, 0x00, 0x40, 0xE0, 0xD0, 0xB0, 0xD1, 0xC0, 0xB0, 0x05, 0xA0, 0xB0, 0x04, 0x70, 0xD0, 0x40,
  0x0F, 0x0F, 0x0F, 0x03, 0x20, 0xD0, 0x81, 0xC1, 0xA0, 0xD0, 0x80, 0x60, 0x40, 0x06, 0x90, 0xD0, 0x60, 0x20, 0x03, 0xA1,
  0x05, 0x10, 0x0F, 0x0F, 0x0C, 0x10, 0x70, 0xD0, 0xC0, 0x80, 0x00, 0x10, 0x90, 0xD0, 0x90, 0x30, 0x04, 0x20, 0xA0, 0xC0,
  0xB0, 0xE0, 0xC0, 0x20, 0x03, 0x50, 0x04, 0x10, 0x0F, 0x0F, 0x0E, 0x11, 0x04, 0x50, 0xC0, 0xF0, 0x90, 0x30, 0x01, 0x80,
  0xD1, 0x70, 0x00, 0x50, 0xC0, 0x30, 0x0A, 0x10, 0x0F, 0x0F, 0x0F, 0x05, 0x20, 0x80, 0xC0, 0xE0, 0xC0, 0xB0, 0xE0, 0xA0,
  0x30, 0x01, 0xA0, 0xC0, 0x10, 0x08, 0x10, 0x0F, 0x0F, 0x0F, 0x09, 0x10, 0x50, 0xA0, 0xD0, 0x90, 0x01, 0x30, 0xB0, 0xE0,
  0x60, 0x0F, 0x0F, 0x0F, 0x0F, 0x06, 0x30, 0xC0, 0x50, 0x10, 0x70, 0xE0, 0xC0, 0x40, 0x0F, 0x0F, 0x0F, 0x0F, 0x08, 0xB0,
  0xE0, 0xD0, 0xC0, 0x90, 0x0F, 0x0F, 0x0F, 0x0F, 0x0A, 0x20, 0x71, 0x30, 0x0F, 0x0F, 0x0F, 0x0F, 0x0F, 0x0F, 0x0F, 0x0F,
  0x0F, 0x0F, 0x0F, 0x0F, 0x0F, 0x0F, 0x0F, 0x0F, 0x0F, 0x0F, 0x10, 0x80, 0x90, 0x0F, 0x0F, 0x0F, 0x0F, 0x0B, 0x20, 0x10,
  0x30, 0x80, 0x0F, 0x0F, 0x0F, 0x0F, 0x0F, 0x0F, 0x0F, 0x04, 0x90, 0x40, 0x0F, 0x0F, 0x0F, 0x0F, 0x0D, 0xA0, 0xB0, 0x0F,
  0x0F, 0x0F, 0x0F, 0x02, 0x31, 0x08, 0x20, 0xB0, 0x20, 0x0F, 0x0F, 0x0F, 0x06, 0x90, 0x70, 0x08, 0x80, 0xC0, 0x10, 0x0F,
  0x0F, 0x0F, 0x0F, 0x01, 0x90, 0xE0, 0x40, 0x08, 0xC0, 0x40, 0x0F, 0x0F, 0x0F, 0x0F, 0x01, 0x20, 0xC1, 0x20, 0x0F, 0x0F,
  0x0F, 0x0F, 0x0C, 0x20, 0x60, 0x20, 0x0F, 0x0F, 0x0F, 0x0F, 0x0F, 0x0F, 0x0F, 0x0F, 0x0F, 0x0F, 0x0F, 0x0F, 0x0F, 0x0F,
  0x0F, 0x0F, 0x0F, 0x0F, 0x0F, 0x0F, 0x0F, 0x0F, 0x0F, 0x0F, 0x0F, 0x0F, 0x0F, 0x0F, 0x0F, 0x0F, 0x0F, 0x0F, 0x04, 0x0F,
  0x0F, 0x0F, 0x0F, 0x0F, 0x0F, 0x0F, 0x0F, 0x0F, 0x0F, 0x0F, 0x0F, 0x0F, 0x0F, 0x0F, 0x0F, 0x0F, 0x0F, 0x0F, 0x0F, 0x0F,
  0x0F, 0x0F, 0x0F, 0x0F, 0x0F, 0x0F, 0x0B, 0x40, 0x70, 0x40, 0x0F, 0x0F, 0x0F, 0x0F, 0x0B, 0x60, 0xC0, 0xE0, 0x60, 0x0F,
  0x0F, 0x0F, 0x0F, 0x0A, 0x30, 0xC0, 0x80, 0x70, 0xB0, 0x20, 0x0F, 0x0F, 0x0F, 0x0F, 0x0D, 0x80, 0x30, 0x0F, 0x0F, 0x0F,
  0x0C, 0x20, 0x40, 0x71, 0x80, 0x70, 0x50, 0x20, 0x0F, 0x0F, 0x0F, 0x0F, 0x05, 0x90, 0xC0, 0xE2, 0xD2, 0xE0, 0xD0, 0xC0,
  0x80, 0x30, 0x0F, 0x0F, 0x0F, 0x0F, 0x02, 0xA1, 0x70, 0x30, 0x03, 0x30, 0x70, 0xB0, 0xD1, 0xA0, 0x20, 0x0F, 0x0F, 0x0F,
  0x0F, 0x0B, 0x20, 0x80, 0xD1, 0x60, 0x0F, 0x0F, 0x0F, 0x0F, 0x00, 0x20, 0x40, 0x50, 0x60, 0x50, 0x40, 0x20, 0x04, 0x20,
  0xB0, 0xE0, 0x80, 0x0F, 0x0F, 0x0F, 0x0C, 0x30, 0x80, 0xD2, 0xE0, 0xF2, 0xD0, 0xC0, 0x80, 0x30, 0x03, 0xA0, 0xE0, 0x70,
  0x0F, 0x0F, 0x0F, 0x09, 0x30, 0xA0, 0xE0, 0xF4, 0x71, 0xA0, 0xF2, 0xE0, 0xA0, 0x20, 0x02, 0xA0, 0xE0, 0x50, 0x0F, 0x0F,
  0x0F, 0x07, 0x60, 0xC0, 0xF0, 0xE0, 0xF2, 0xC0, 0xA0, 0x20, 0x80, 0xD0, 0xF2, 0xE0, 0xF0, 0xE0, 0x60, 0x02, 0xB0, 0x90,
  0x01, 0x90, 0xA0, 0x20, 0x0F, 0x0F, 0x0F, 0x01, 0x90, 0xE0, 0xD0, 0xF1, 0xB0, 0x70, 0x10, 0x01, 0x80, 0xE0, 0xF0, 0xE0,
  0xF0, 0xE0, 0xF1, 0xE0, 0xF0, 0x80, 0x05, 0xC0, 0xE0, 0x40, 0x0F, 0x0F, 0x0F, 0x00, 0x90, 0xE0, 0xB0, 0xC1, 0x50, 0x03,
  0x50, 0xE0, 0xF0, 0xE0, 0xF2, 0xE0, 0xF2, 0xE0, 0x90, 0x04, 0x20, 0x60, 0x0F, 0x0F, 0x0F, 0x00, 0x70, 0xE0, 0xB0, 0x07,
  0xB0, 0xF0, 0xE0, 0xF2, 0xE0, 0xF2, 0xE0, 0xF0, 0xE0, 0x50, 0x0F, 0x0F, 0x0F, 0x05, 0x30, 0xD1, 0x10, 0x06, 0x50, 0xE0,
  0xF1, 0xE0, 0xF2, 0xE0, 0xF3, 0xE0, 0xF0, 0x20, 0x0F, 0x0F, 0x0F, 0x04, 0x90, 0xE0, 0x50, 0x07, 0x90, 0xF0, 0xE0, 0xF2,
  0xE0, 0xF4, 0xE0, 0xF0, 0xE0, 0x90, 0x0F, 0x0F, 0x0F, 0x03, 0x30, 0xE0, 0xA0, 0x08, 0xC0, 0xE1, 0xF0, 0xE0, 0xF2, 0xE0,
  0xF5, 0xE0, 0x30, 0x0F, 0x0F, 0x0F, 0x02, 0x80, 0xE0, 0x50, 0x08, 0xD1, 0xE0, 0xF1, 0xE0, 0xF2, 0xE0, 0xF5, 0x70, 0x0F,
  0x0F, 0x0F, 0x02, 0xC0, 0xE0, 0x09, 0xD0, 0xF0, 0xE0, 0xF2, 0xE0, 0xF7, 0xE0, 0xB0, 0x0F, 0x0F, 0x0F, 0x02, 0xD0, 0xA0,
  0x20, 0x08, 0xE0, 0xF0, 0xE0, 0xF2, 0xE0, 0xF6, 0xE0, 0xF0, 0xD0, 0x0F, 0x0F, 0x0F, 0x01, 0x40, 0xE0, 0x90, 0x09, 0xD0,
  0xF2, 0xE0, 0xF2, 0xE0, 0xF6, 0xE0, 0x30, 0x07, 0x50, 0x40, 0x0F, 0x0F, 0x06, 0x40, 0xE0, 0x80, 0x09, 0x90, 0xF2, 0xE0,
  0xF0, 0xE0, 0xF0, 0xE0, 0xF2, 0xE0, 0xF3, 0x40, 0x07, 0xE0, 0xD0, 0x10, 0x0F, 0x0F, 0x05, 0x40, 0xE0, 0x80, 0x09, 0x50,
  0xE0, 0xF0, 0xE0, 0xF2, 0xE0, 0xF6, 0xE1, 0x40, 0x07, 0x80, 0x90, 0x0F, 0x0F, 0x06, 0x40, 0xE0, 0x90, 0x0A, 0xB0, 0xF2,
  0xE0, 0xF0, 0xE0, 0xF3, 0xE0, 0xF0, 0xE0, 0xF1, 0x30, 0x0F, 0x0F, 0x0F, 0x00, 0x40, 0xD0, 0xA0, 0x0A, 0x40, 0xE0, 0xF1,
  0xE0, 0xF2, 0xE0, 0xF5, 0xD0, 0x0F, 0x0F, 0x0F, 0x02, 0xC1, 0x0B, 0x70, 0xE1, 0xF0, 0xE0, 0xF2, 0xE0, 0xF4, 0xB0, 0x0F,
  0x0F, 0x0F, 0x02, 0x90, 0xE0, 0x40, 0x0B, 0x90, 0xE0, 0xF0, 0xE0, 0xF2, 0xE0, 0xF4, 0x80, 0x0F, 0x00, 0x60, 0x50, 0x0F,
  0x0F, 0x30, 0xE0, 0xA0, 0x0C, 0x60, 0xD0, 0xF2, 0xE0, 0xF0, 0xE0, 0xF2, 0xE0, 0x30, 0x0F, 0x00, 0x80, 0xC0, 0x30, 0x80,
  0x70, 0x0F, 0x0D, 0xA0, 0xE0, 0x40, 0x0D, 0x80, 0xC0, 0xE0, 0xD0, 0xF3, 0xE0, 0xB0, 0x20, 0x0F, 0x01, 0xB0, 0xE0, 0xC0,
  0x50, 0x0F, 0x0D, 0x30, 0xD0, 0xC0, 0x10, 0x0E, 0x40, 0x70, 0x80, 0x70, 0x80, 0xE0, 0xF0, 0xD1, 0x70, 0x0F, 0x80, 0xD1,
  0x70, 0x0F, 0x0F, 0x70, 0xE0, 0xA0, 0x20, 0x0F, 0x01, 0xB0, 0xE0, 0x60, 0x20, 0x90, 0xF0, 0xA0, 0x20, 0x0C, 0x20, 0xB0,
  0x60, 0x70, 0xC0, 0x30, 0x0F, 0x0F, 0x90, 0xE0, 0xA0, 0x20, 0x0E, 0x30, 0xA0, 0xF0, 0x90, 0x01, 0x50, 0xE0, 0xF0, 0xC0,
  0x50, 0x0F, 0x90, 0x50, 0x0F, 0x0B, 0x90, 0x80, 0x02, 0x80, 0xE0, 0xC0, 0x50, 0x20, 0xB0, 0xA0, 0x50, 0x08, 0x50, 0xC0,
  0xE0, 0x90, 0x03, 0x60, 0xD0, 0xF1, 0x70, 0x0F, 0x0F, 0x0C, 0x90, 0xF0, 0x40, 0x20, 0x01, 0x80, 0xE1, 0xA0, 0xB0, 0xE1,
  0xD0, 0xA0, 0x04, 0x40, 0xA0, 0xE0, 0xD0, 0x60, 0x05, 0x50, 0xE0, 0xF0, 0xD0, 0x60, 0x0F, 0x0F, 0x0B, 0x20, 0xB0, 0xC0,
  0x10, 0x02, 0x40, 0xA0, 0xF0, 0xE0, 0xD2, 0xA0, 0x50, 0x60, 0x70, 0x90, 0xC0, 0xE1, 0xA0, 0x30, 0x07, 0x60, 0xD0, 0xC0,
  0xE0, 0x80, 0x0F, 0x0F, 0x0B, 0x50, 0xD0, 0xA0, 0x04, 0x40, 0x90, 0xC0, 0xE1, 0xF0, 0xE1, 0xF0, 0xE0, 0xC0, 0x90, 0x40,
  0x0A, 0x70, 0xE0, 0xC0, 0xE0, 0x70, 0x0F, 0x0F, 0x0B, 0x80, 0xE0, 0x60, 0x06, 0x30, 0x50, 0x62, 0xB0, 0xA0, 0x02, 0x30,
  0x40, 0x09, 0xD1, 0xA0, 0xD0, 0x50, 0x0F, 0x0F, 0x0B, 0xB0, 0xD0, 0x30, 0x0A, 0xA1, 0x02, 0x90, 0xB0, 0x09, 0xD0, 0xF0,
  0xA0, 0xB0, 0xA0, 0x0F, 0x0F, 0x0B, 0x30, 0xD0, 0xA0, 0x0A, 0xA1, 0x02, 0x90, 0xC0, 0x10, 0x03, 0x80, 0xB1, 0x50, 0x00,
  0x80, 0xE1, 0xC0, 0xB0, 0x0C, 0x40, 0x50, 0x0F, 0x0D, 0x60, 0xE0, 0x80, 0x09, 0x80, 0xB0, 0x02, 0x70, 0xD0, 0x03, 0x70,
  0xE0, 0xA0, 0xB0, 0xD0, 0x30, 0x00, 0x50, 0xB0, 0xE0, 0x60, 0x0C, 0xD1, 0x80, 0x0F, 0x0D, 0x80, 0xE0, 0x60, 0x08, 0x60,
  0xD0, 0x20, 0x01, 0x30, 0xE0, 0x40, 0x02, 0xB0, 0xA0, 0x01, 0xD0, 0x70, 0x01, 0xA0, 0xE0, 0x40, 0x0C, 0xC0, 0xE0, 0x90,
  0x0F, 0x0E, 0xB0, 0xE0, 0x20, 0x07, 0x20, 0xD0, 0x70, 0x10, 0x01, 0xC0, 0x80, 0x02, 0xB0, 0xA0, 0x20, 0x40, 0xE0, 0x60,
  0x00, 0x60, 0xE0, 0xD0, 0xA0, 0x0B, 0x90, 0x60, 0x70, 0x10, 0x0F, 0x0E, 0x30, 0xD0, 0xA0, 0x08, 0xA1, 0x02, 0x80, 0xE0,
  0x10, 0x01, 0x40, 0xD0, 0xE0, 0xC0, 0xB0, 0x00, 0x60, 0xD0, 0xA0, 0x70, 0xE0, 0x40, 0x0A, 0x90, 0xE0, 0x20, 0x0F, 0x0F,
  0x00, 0x70, 0xE0, 0x70, 0x10, 0x06, 0x70, 0xE0, 0x10, 0x01, 0x20, 0xE0, 0x80, 0x02, 0x20, 0x60, 0x50, 0x01, 0x20, 0x50,
  0x01, 0xC0, 0x90, 0x0A, 0x20, 0xC0, 0xA0, 0x20, 0x0F, 0x0F, 0x00, 0xA0, 0xD0, 0x30, 0x06, 0x30, 0xD0, 0x80, 0x00, 0x60,
  0xB0, 0xE0, 0xD0, 0x10, 0x03, 0x80, 0x30, 0x04, 0x80, 0xC0, 0x0B, 0x40, 0xE0, 0x60, 0x0F, 0x09, 0x30, 0x05, 0x40, 0xC0,
  0xB0, 0x07, 0xA0, 0xE0, 0xC0, 0xD0, 0xA0, 0x50, 0xD0, 0x80, 0x01, 0x30, 0xB0, 0xD0, 0x40, 0x00, 0x80, 0x30, 0x01, 0x60,
  0xE0, 0x40, 0x0B, 0x90, 0xE0, 0x20, 0x0F, 0x06, 0x30, 0xC2, 0x50, 0x04, 0x60, 0xE0, 0x80, 0x06, 0x50, 0xD0, 0xA0, 0x20,
  0x01, 0xB0, 0xC0, 0x60, 0xA0, 0xF0, 0x90, 0x40, 0x01, 0xC0, 0xA0, 0x02, 0xE0, 0x40, 0x0C, 0xB1, 0x10, 0x0F, 0x05, 0x80,
  0xB0, 0x30, 0x90, 0xC0, 0x05, 0x80, 0xE0, 0x50, 0x06, 0xC0, 0xB0, 0x01, 0x60, 0xE1, 0xD0, 0xA0, 0x60, 0x03, 0x60, 0xD0,
  0xC0, 0x00, 0x60, 0xE0, 0x40, 0x0C, 0x30, 0xD0, 0x90, 0x0F, 0x05, 0xA0, 0x90, 0x00, 0x30, 0xD0, 0x05, 0x30, 0xB0, 0xE0,
  0x20, 0x05, 0x50, 0xD0, 0xC1, 0xE0, 0xC0, 0xD0, 0x50, 0x06, 0xD0, 0xE0, 0xC0, 0xE0, 0xF0, 0xD0, 0x80, 0x0C, 0x70, 0xC0,
  0x30, 0x0F, 0x04, 0x60, 0xD0, 0x80, 0xB1, 0x10, 0x05, 0x50, 0xD0, 0xA0, 0x06, 0x40, 0xA0, 0x90, 0x40, 0x10, 0xB0, 0xD0,
  0x40, 0x05, 0xC0, 0xB0, 0xF0, 0xC0, 0x50, 0xA0, 0xE0, 0x0D, 0x50, 0x0F, 0x06, 0x60, 0xA1, 0x30, 0x07, 0x70, 0xE0, 0x60,
  0x0A, 0x30, 0xA0, 0xB0, 0x20, 0x03, 0x60, 0xE0, 0xF0, 0xC0, 0x30, 0x40, 0xE0, 0xA0, 0x0F, 0x0F, 0x0F, 0x02, 0x70, 0x30,
  0x0B, 0x30, 0xC0, 0xD0, 0x50, 0x01, 0x90, 0xE0, 0xA0, 0x90, 0xC0, 0xA0, 0xE0, 0xA0, 0x20, 0x05, 0x50, 0x20, 0x0F, 0x0F,
  0x0F, 0x09, 0x30, 0xB0, 0xE0, 0xB0, 0xC0, 0xE0, 0x80, 0x01, 0xD1, 0x80, 0x07, 0xA1, 0x0F, 0x0F, 0x0F, 0x05, 0x70, 0x80,
  0x03, 0x40, 0xB0, 0xE0, 0x50, 0x00, 0x30, 0xB0, 0xC0, 0x30, 0x08, 0x30, 0xE0, 0x80, 0x0F, 0x0F, 0x0F, 0x04, 0x60, 0xE0,
  0x60, 0x03, 0x80, 0xD0, 0x30, 0x70, 0xD1, 0x10, 0x0A, 0x70, 0xD0, 0x40, 0x0F, 0x0F, 0x0F, 0x04, 0x90, 0xC0, 0x20, 0x02,
  0x30, 0xD0, 0xE0, 0xD0, 0xA0, 0x20, 0x0C, 0xA0, 0x90, 0x0F, 0x0F, 0x0F, 0x05, 0xB0, 0xA0, 0x03, 0x20, 0x40, 0x30, 0x0F,
  0x0F, 0x0F, 0x00, 0x20, 0x50, 0x0F, 0x03, 0x30, 0x40, 0x0F, 0x0F, 0x0F, 0x07, 0x20, 0x80, 0x90, 0x50, 0x0F, 0x0C, 0x60,
  0xB0, 0x10, 0x0F, 0x0F, 0x0C, 0x50, 0x80, 0x0F, 0x0D, 0x20, 0xE0, 0x90, 0x0F, 0x0F, 0x0D, 0x20, 0x0F, 0x0E, 0x40, 0xB0,
  0x20, 0x0F, 0x0F, 0x0F, 0x0F, 0x0F, 0x0F, 0x0F, 0x0F, 0x0F, 0x0F, 0x0F, 0x0F, 0x0F, 0x0F, 0x0F, 0x0F, 0x0F, 0x0F, 0x0F,
  0x0F, 0x0F, 0x0F, 0x0F, 0x0F, 0x0F, 0x0F, 0x0F, 0x0F, 0x0F, 0x0F, 0x0F, 0x0F, 0x0F, 0x0F, 0x0F, 0x0F, 0x0F, 0x0F, 0x0F,
  0x0F, 0x0F, 0x0F, 0x0F, 0x0F, 0x0F, 0x0F, 0x0F, 0x0F, 0x0F, 0x0F, 0x0F, 0x0F, 0x0F, 0x0F, 0x0F, 0x0F, 0x0F, 0x0F, 0x0F,
  0x0F, 0x0F, 0x0F, 0x0F, 0x0F, 0x0F, 0x0F, 0x06, 0x0F, 0x0F, 0x0F, 0x0F, 0x0F, 0x0F, 0x0F, 0x0F, 0x0F, 0x0F, 0x0F, 0x0F,
  0x0F, 0x0F, 0x0F, 0x0F, 0x0F, 0x0F, 0x0F, 0x0F, 0x0F, 0x0F, 0x0F, 0x0F, 0x0F, 0x0F, 0x0F, 0x06, 0x30, 0x70, 0x60, 0x10,
  0x0F, 0x0F, 0x0F, 0x0F, 0x0B, 0x30, 0xB0, 0x90, 0x0F, 0x0F, 0x0F, 0x0F, 0x0F, 0x0F, 0x0F, 0x0F, 0x0F, 0x0F, 0x0F, 0x0F,
  0x0F, 0x0F, 0x02, 0x20, 0x40, 0x71, 0x80, 0x70, 0x50, 0x20, 0x0F, 0x0F, 0x0F, 0x0F, 0x05, 0x90, 0xC0, 0xE2, 0xD2, 0xE0,
  0xD0, 0xC0, 0x80, 0x30, 0x07, 0xB0, 0x40, 0x0F, 0x0F, 0x0F, 0x08, 0xA1, 0x70, 0x30, 0x03, 0x30, 0x70, 0xB0, 0xD1, 0xA0,
  0x20, 0x05, 0x90, 0xC0, 0x60, 0xC0, 0x60, 0x0F, 0x0F, 0x0F, 0x0F, 0x00, 0x20, 0x80, 0xD1, 0x60, 0x04, 0x10, 0xC0, 0xE0,
  0xA0, 0x20, 0x0F, 0x0F, 0x0F, 0x06, 0x20, 0x40, 0x50, 0x60, 0x50, 0x40, 0x20, 0x04, 0x20, 0xB0, 0xE0, 0x80, 0x02, 0x30,
  0xB0, 0xC0, 0xE0, 0x70, 0x0F, 0x0F, 0x0F, 0x04, 0x30, 0x80, 0xD1, 0xF0, 0xE0, 0xF2, 0xD0, 0xC0, 0x80, 0x30, 0x03, 0xA0,
  0xE0, 0x70, 0x01, 0x50, 0x90, 0x20, 0x70, 0xC0, 0x10, 0x0F, 0x0F, 0x0F, 0x01, 0x30, 0xA0, 0xE0, 0xF1, 0xD0, 0x80, 0x70,
  0x60, 0x70, 0x90, 0xD0, 0xF1, 0xE0, 0xA0, 0x20, 0x02, 0xA0, 0xE0, 0x50, 0x04, 0x50, 0x0F, 0x0F, 0x0F, 0x01, 0x60, 0xC0,
  0xF0, 0xE0, 0xF1, 0xD0, 0x20, 0x00, 0x20, 0xA0, 0xE0, 0xF2, 0xE0, 0xF0, 0xE0, 0x60, 0x01, 0x10, 0xB0, 0xC0, 0x20, 0x0F,
  0x0F, 0x0F, 0x05, 0x90, 0xE0, 0xF2, 0xB0, 0x60, 0x10, 0x00, 0x50, 0xD0, 0xF1, 0xE0, 0xF0, 0xE0, 0xF1, 0xE0, 0xF0, 0x80,
  0x01, 0x30, 0xB1, 0x0F, 0x0F, 0x0F, 0x04, 0x90, 0xE2, 0xC0, 0x50, 0x02, 0x50, 0xD0, 0xF1, 0xE0, 0xF2, 0xE0, 0xF2, 0xE0,
  0x90, 0x01, 0x60, 0xB0, 0x20, 0x0F, 0x0F, 0x0F, 0x02, 0x70, 0xE0, 0xD0, 0xF0, 0xB0, 0x20, 0x02, 0x40, 0xD0, 0xF1, 0xE0,
  0xF2, 0xE0, 0xF2, 0xE0, 0xF0, 0xE0, 0x50, 0x0F, 0x0F, 0x0F, 0x05, 0x30, 0xD1, 0xC0, 0xB0, 0x10, 0x03, 0xB0, 0xF3, 0xE0,
  0xF2, 0xE0, 0xF3, 0xE0, 0xF0, 0x20, 0x0F, 0x0F, 0x0F, 0x04, 0x90, 0xE0, 0x50, 0x40, 0x20, 0x03, 0x50, 0xE0, 0xF1, 0xE0,
  0xF2, 0xE0, 0xF4, 0xE0, 0xF0, 0xE0, 0x90, 0x0F, 0x0F, 0x0F, 0x03, 0x30, 0xE0, 0xA0, 0x06, 0xB0, 0xF1, 0xE1, 0xF0, 0xE0,
  0xF2, 0xE0, 0xF5, 0xE0, 0x30, 0x06, 0x30, 0x20, 0x0F, 0x0F, 0x09, 0x80, 0xE0, 0x50, 0x06, 0xD0, 0xF1, 0xD0, 0xE0, 0xF1,
  0xE0, 0xF2, 0xE0, 0xF5, 0x70, 0x05, 0x20, 0xD0, 0xB0, 0x0F, 0x0F, 0x09, 0xC0, 0xE0, 0x06, 0x30, 0xE0, 0xF2, 0xE0, 0xF2,
  0xE0, 0xF7, 0xE0, 0xB0, 0x05, 0x10, 0xC0, 0xB0, 0x0F, 0x0F, 0x09, 0xD0, 0xA0, 0x20, 0x05, 0x50, 0xE0, 0xF2, 0xE0, 0xF2,
  0xE0, 0xF6, 0xE0, 0xF0, 0xD0, 0x0F, 0x0F, 0x0F, 0x01, 0x40, 0xE0, 0x90, 0x06, 0x50, 0xF5, 0xE0, 0xF2, 0xE0, 0xF6, 0xE0,
  0x30, 0x0F, 0x0F, 0x0F, 0x00, 0x40, 0xE0, 0x80, 0x06, 0x40, 0xE0, 0xF4, 0xE0, 0xF0, 0xE0, 0xF0, 0xE0, 0xF2, 0xE0, 0xF3,
  0x40, 0x0F, 0x0F, 0x0F, 0x00, 0x40, 0xE0, 0x80, 0x06, 0x10, 0xD0, 0xF3, 0xE0, 0xF2, 0xE0, 0xF6, 0xE1, 0x40, 0x0F, 0x0F,
  0x0F, 0x00, 0x40, 0xE0, 0x90, 0x07, 0xA0, 0xF5, 0xE0, 0xF0, 0xE0, 0xF3, 0xE0, 0xF0, 0xE0, 0xF1, 0x30, 0x0F, 0x0F, 0x0F,
  0x00, 0x20, 0xD0, 0xA0, 0x07, 0x50, 0xF5, 0xE0, 0xF2, 0xE0, 0xF5, 0xD0, 0x0F, 0x0F, 0x0F, 0x02, 0xC1, 0x08, 0xB0, 0xF3,
  0xE0, 0xF0, 0xE0, 0xF2, 0xE0, 0xF4, 0xB0, 0x0F, 0x0F, 0x0F, 0x02, 0x90, 0xE0, 0x40, 0x07, 0x30, 0xD0, 0xF4, 0xE0, 0xF2,
  0xE0, 0xF4, 0x80, 0x0F, 0x0F, 0x0F, 0x02, 0x40, 0xE0, 0xA0, 0x08, 0x60, 0xE0, 0xF6, 0xE0, 0xF0, 0xE0, 0xF2, 0xE0, 0x30,
  0x0C, 0x40, 0xB0, 0x70, 0x0F, 0x0F, 0x03, 0xA0, 0xE0, 0x40, 0x08, 0x50, 0xD0, 0xF5, 0xD0, 0xF5, 0x80, 0x20, 0x0B, 0x60,
  0xE0, 0xA0, 0x0F, 0x0F, 0x03, 0x30, 0xD0, 0xC0, 0x10, 0x08, 0x20, 0xA0, 0xE0, 0xF8, 0xD0, 0x90, 0xD1, 0x60, 0x0B, 0x70,
  0x30, 0x0F, 0x0F, 0x04, 0x70, 0xE0, 0xA0, 0x20, 0x09, 0x30, 0x80, 0xB0, 0xC0, 0xE2, 0xB0, 0xF0, 0xE0, 0x70, 0x00, 0x30,
  0xB0, 0xE0, 0x90, 0x10, 0x0B, 0x10, 0x0F, 0x07, 0x20, 0x0B, 0x90, 0xE0, 0xA0, 0x20, 0x0D, 0x10, 0x20, 0xA0, 0xE0, 0x80,
  0x01, 0x50, 0xF0, 0xB0, 0xD1, 0x30, 0x0F, 0x0F, 0x02, 0x80, 0xC0, 0x0C, 0x80, 0xE0, 0xC0, 0x30, 0x01, 0x50, 0x60, 0x10,
  0x07, 0x50, 0xD0, 0xE0, 0x90, 0x03, 0x60, 0xD0, 0xB0, 0xC1, 0x50, 0x0F, 0x0F, 0x01, 0x40, 0x70, 0x0A, 0x20, 0x01, 0x80,
  0xE1, 0xA0, 0x50, 0xB0, 0xF0, 0xE0, 0xC0, 0x90, 0x03, 0x50, 0xA0, 0xE0, 0xD0, 0x60, 0x05, 0x50, 0xD0, 0x80, 0xB0, 0xD0,
  0x50, 0x0E, 0xA0, 0x50, 0x0F, 0x0F, 0x00, 0x40, 0xA0, 0xE0, 0xD0, 0xC0, 0xB0, 0xC1, 0xA0, 0x60, 0x70, 0x90, 0xC0, 0xE1,
  0xA0, 0x30, 0x07, 0x60, 0xD0, 0x80, 0xB0, 0xD0, 0x60, 0x0D, 0x70, 0xC0, 0x80, 0xC0, 0x50, 0x0F, 0x0F, 0x40, 0x90, 0xC0,
  0xE4, 0xF1, 0xC0, 0x90, 0x40, 0x0A, 0x80, 0xC0, 0xB0, 0xC0, 0xE0, 0x50, 0x0C, 0x30, 0xD0, 0xF0, 0x80, 0x01, 0x10, 0x0F,
  0x0F, 0x00, 0x30, 0x50, 0x61, 0x90, 0xD0, 0x40, 0x00, 0x20, 0x70, 0x0A, 0x80, 0xE1, 0x60, 0xA0, 0xC0, 0x10, 0x0A, 0x50,
  0xD0, 0xB0, 0xC0, 0x70, 0x0F, 0x0A, 0x40, 0xC0, 0x30, 0x09, 0x60, 0xE0, 0x01, 0x50, 0xD0, 0x20, 0x09, 0x90, 0xD1, 0xA0,
  0x40, 0xE0, 0x40, 0x0A, 0x30, 0x70, 0x10, 0x70, 0xC0, 0x20, 0x0C, 0x30, 0x70, 0x0A, 0x30, 0xD0, 0xA0, 0x09, 0x80, 0xD0,
  0x01, 0x30, 0xD0, 0x60, 0x00, 0x10, 0x07, 0x40, 0xD0, 0xC0, 0xE0, 0xA0, 0xD0, 0x21, 0x0D, 0x50, 0x10, 0x0C, 0x20, 0x40,
  0x0B, 0x60, 0xE0, 0x80, 0x08, 0x60, 0xD0, 0x10, 0x01, 0xD0, 0x80, 0x03, 0x30, 0xB0, 0xE0, 0xD0, 0x70, 0x01, 0x40, 0xB0,
  0xD0, 0xF0, 0x90, 0x10, 0xC0, 0x60, 0x0F, 0x0C, 0x40, 0x0C, 0x80, 0xE0, 0x60, 0x07, 0x40, 0xD0, 0x60, 0x10, 0x00, 0xB1,
  0x10, 0x02, 0xA0, 0xC0, 0x60, 0x70, 0xD0, 0x40, 0x02, 0xB0, 0xE0, 0x40, 0x00, 0x90, 0xD0, 0x30, 0x0F, 0x0F, 0x0A, 0xB0,
  0xE0, 0x20, 0x07, 0xB0, 0x90, 0x10, 0x00, 0x70, 0xD0, 0x20, 0x02, 0xC0, 0x70, 0x10, 0x00, 0xD0, 0x60, 0x10, 0x00, 0x70,
  0xD1, 0xA0, 0x01, 0xB1, 0x20, 0x06, 0x10, 0x0F, 0x0F, 0x01, 0x30, 0xD0, 0xA0, 0x07, 0xA0, 0xB0, 0x10, 0x00, 0x20, 0xD0,
  0x70, 0x02, 0xA0, 0xC0, 0x50, 0x80, 0xC0, 0x50, 0x00, 0x80, 0xE0, 0x80, 0x70, 0xE0, 0x40, 0x00, 0x20, 0x90, 0x10, 0x0F,
  0x0F, 0x0A, 0x70, 0xE0, 0x70, 0x10, 0x05, 0x60, 0xE0, 0x40, 0x01, 0x80, 0xC0, 0x50, 0x01, 0x40, 0xC0, 0xD0, 0xC0, 0x80,
  0x00, 0x20, 0xC0, 0x80, 0x01, 0xC0, 0x90, 0x0F, 0x0F, 0x0F, 0xA0, 0xD0, 0x30, 0x05, 0x10, 0xD0, 0x80, 0x01, 0xB0, 0xE0,
  0xB0, 0x20, 0x02, 0x30, 0x20, 0x06, 0x80, 0xC0, 0x0F, 0x0F, 0x0F, 0x40, 0xC0, 0xB0, 0x06, 0x90, 0xD0, 0x90, 0xD1, 0x80,
  0xD0, 0x60, 0x02, 0x30, 0x50, 0x10, 0x01, 0x80, 0x30, 0x01, 0x60, 0xE0, 0x40, 0x0F, 0x70, 0x60, 0x0F, 0x0D, 0x60, 0xE0,
  0x80, 0x05, 0x40, 0xD1, 0x70, 0x20, 0x00, 0x90, 0xD0, 0x40, 0x50, 0x90, 0xD0, 0x80, 0x02, 0xC0, 0xA0, 0x02, 0xE0, 0x40,
  0x0C, 0x20, 0x70, 0x20, 0xA0, 0x50, 0x09, 0x10, 0x0F, 0x03, 0x80, 0xE0, 0x50, 0x05, 0xA0, 0xC0, 0x02, 0x70, 0xF1, 0xD0,
  0xC0, 0x80, 0x20, 0x02, 0x60, 0xD0, 0x90, 0x00, 0x60, 0xE0, 0x40, 0x0D, 0xD0, 0x80, 0x90, 0x50, 0x09, 0x10, 0x05, 0x30,
  0x0C, 0x30, 0xB0, 0xE0, 0x20, 0x04, 0x50, 0xD0, 0x60, 0x10, 0x70, 0xC2, 0x50, 0x06, 0xD0, 0xE0, 0xC0, 0xE0, 0xF0, 0xD0,
  0x80, 0x0C, 0x60, 0xE0, 0x50, 0x0F, 0x01, 0x40, 0x06, 0x10, 0x05, 0x50, 0xD0, 0xA0, 0x05, 0x90, 0xE0, 0xF0, 0xD0, 0x80,
  0x00, 0xB0, 0xD0, 0x30, 0x05, 0xC0, 0xB0, 0xF0, 0xC0, 0x50, 0xA0, 0xE0, 0x0D, 0x90, 0xD0, 0x20, 0x0F, 0x00, 0x30, 0x10,
  0x0D, 0x70, 0xE0, 0x70, 0x05, 0x50, 0x60, 0x30, 0x01, 0x30, 0xA0, 0xB0, 0x20, 0x03, 0x60, 0xE0, 0xF0, 0xC0, 0x30, 0x40,
  0xE0, 0xA0, 0x0E, 0xD0, 0x90, 0x0F, 0x0F, 0x01, 0xA0, 0xD0, 0x40, 0x0A, 0x30, 0xC0, 0xD0, 0x50, 0x01, 0x90, 0xE0, 0xA0,
  0x90, 0xC0, 0xA0, 0xE0, 0xA0, 0x20, 0x0E, 0x40, 0x70, 0x0F, 0x09, 0x60, 0x80, 0x40, 0x04, 0x30, 0xC1, 0x0B, 0x30, 0xB0,
  0xE0, 0xB0, 0xC0, 0xE0, 0x80, 0x01, 0xD1, 0x80, 0x0F, 0x0F, 0x0B, 0x90, 0xD0, 0xB0, 0xD0, 0x70, 0x04, 0x50, 0xD0, 0x80,
  0x0C, 0x40, 0xB0, 0xE0, 0x50, 0x00, 0x30, 0xB0, 0xC0, 0x30, 0x0F, 0x0F, 0x0C, 0xC0, 0x50, 0x00, 0x80, 0xB0, 0x10, 0x04,
  0x80, 0xC0, 0x50, 0x06, 0x50, 0x60, 0x03, 0x80, 0xD0, 0x30, 0x70, 0xD1, 0x10, 0x0F, 0x0F, 0x0D, 0xB0, 0x70, 0x10, 0x80,
  0xC0, 0x06, 0xB0, 0xC0, 0x06, 0x90, 0xD0, 0x20, 0x02, 0x30, 0xD0, 0xE0, 0xD0, 0xA0, 0x20, 0x0C, 0x30, 0xA0, 0x20, 0x0F,
  0x0E, 0x50, 0xD0, 0xC1, 0x70, 0x06, 0x30, 0x50, 0x07, 0xB0, 0xA0, 0x03, 0x20, 0x40, 0x30, 0x0F, 0xC0, 0x90, 0x0F, 0x0F,
  0x20, 0x40, 0x30, 0x0F, 0x01, 0x50, 0xD0, 0x70, 0x0F, 0x05, 0x40, 0xD0, 0x60, 0x0F, 0x0F, 0x0F, 0x04, 0x70, 0xC0, 0x40,
  0x0F, 0x05, 0x70, 0x60, 0x0F, 0x0F, 0x0F, 0x05, 0xA1, 0x07, 0x60, 0x80, 0x0F, 0x0F, 0x0F, 0x0F, 0x04, 0x20, 0x07, 0x60,
  0xD0, 0x60, 0x0F, 0x0F, 0x0F, 0x0F, 0x0D, 0x90, 0xD0, 0x30, 0x0F, 0x0F, 0x0F, 0x0F, 0x0C, 0x10, 0xB0, 0x70, 0x0F, 0x0F,
  0x0F, 0x0F, 0x0D, 0x11, 0x0F, 0x0F, 0x0F, 0x0F, 0x0F, 0x0F, 0x0F, 0x0F, 0x0F, 0x0F, 0x0F, 0x0F, 0x0F, 0x0F, 0x0F, 0x0F,
  0x0F, 0x0F, 0x0F, 0x0F, 0x0F, 0x0F, 0x0F, 0x0F, 0x0F, 0x0F, 0x0F, 0x0F, 0x0F, 0x0F, 0x0F, 0x0F, 0x0F, 0x0F, 0x0F, 0x0F,
  0x0F, 0x0F, 0x0F, 0x0F, 0x0F, 0x0F, 0x0F, 0x0F, 0x0F, 0x0F, 0x0F, 0x0F, 0x0F, 0x0F, 0x0F, 0x05, 0x0F, 0x0F, 0x0F, 0x0F,
  0x0F, 0x0F, 0x0F, 0x0F, 0x0F, 0x0F, 0x0F, 0x0F, 0x0F, 0x0F, 0x0F, 0x0F, 0x0F, 0x0F, 0x0F, 0x0F, 0x0F, 0x0F, 0x0F, 0x0F,
  0x0F, 0x0F, 0x0F, 0x0D, 0x60, 0x70, 0x20, 0x0F, 0x0F, 0x0F, 0x0F, 0x0C, 0x72, 0x0F, 0x0F, 0x0F, 0x0F, 0x0F, 0x0F, 0x0F,
  0x0F, 0x0F, 0x0F, 0x0F, 0x0F, 0x0F, 0x0F, 0x0F, 0x0F, 0x0F, 0x0F, 0x0F, 0x0A, 0x20, 0x40, 0x10, 0x0F, 0x0F, 0x0F, 0x0F,
  0x0C, 0xA0, 0xE0, 0xA0, 0x0F, 0x0F, 0x0F, 0x0F, 0x0C, 0xA0, 0xE0, 0xA0, 0x0F, 0x0F, 0x0F, 0x0C, 0x20, 0x40, 0x52, 0x40,
  0x20, 0x08, 0x20, 0x70, 0x40, 0x0F, 0x0F, 0x0F, 0x09, 0x30, 0x80, 0xC0, 0xD0, 0xF3, 0xE0, 0xD0, 0xC0, 0x80, 0x30, 0x04,
  0x20, 0x50, 0x0F, 0x0F, 0x0F, 0x09, 0x30, 0x80, 0xE1, 0xC0, 0xA0, 0x80, 0x70, 0x60, 0x70, 0x80, 0xA0, 0xD0, 0xE1, 0xA0,
  0x20, 0x02, 0x50, 0xD0, 0x60, 0x0F, 0x0F, 0x0F, 0x07, 0x70, 0xD0, 0xE0, 0xB0, 0x50, 0x05, 0x20, 0x40, 0x30, 0x60, 0xB0,
  0xE0, 0xD0, 0x60, 0x02, 0xA0, 0xD0, 0x20, 0x04, 0x20, 0x40, 0x0F, 0x0F, 0x0E, 0x90, 0xE0, 0xD0, 0x50, 0x04, 0x30, 0x90,
  0xC0, 0xD0, 0xE1, 0xD2, 0xE1, 0x80, 0x01, 0x20, 0xC0, 0xA0, 0x10, 0x03, 0x50, 0xD0, 0x50, 0x00, 0x40, 0x10, 0x0F, 0x0F,
  0x09, 0x90, 0xE0, 0xD1, 0x60, 0x02, 0x20, 0xA0, 0xE0, 0xFA, 0x90, 0x01, 0x50, 0xE0, 0x80, 0x04, 0x90, 0xC0, 0xA0, 0xC0,
  0x30, 0x0F, 0x0F, 0x08, 0x70, 0xE0, 0xD0, 0xE0, 0xC0, 0x30, 0x01, 0x40, 0xC0, 0xFD, 0x50, 0x01, 0xA0, 0xD0, 0x40, 0x10,
  0x02, 0x80, 0xE0, 0xD0, 0x30, 0x0F, 0x0F, 0x08, 0x30, 0xD0, 0xC0, 0xE0, 0xD0, 0x20, 0x01, 0x40, 0xD0, 0xE0, 0xFD, 0xD0,
  0x20, 0x01, 0xA0, 0xD0, 0x10, 0x01, 0xA0, 0xD0, 0x90, 0xE0, 0x60, 0x0F, 0x0F, 0x08, 0x90, 0xE1, 0xD0, 0x40, 0x01, 0x20,
  0xC0, 0xFF, 0xF0, 0x90, 0x01, 0x30, 0xD0, 0x90, 0x01, 0x31, 0x00, 0x80, 0xA0, 0x0F, 0x0F, 0x07, 0x30, 0xD0, 0xC0, 0xE0,
  0x80, 0x02, 0xA0, 0xD0, 0xFF, 0xF1, 0x30, 0x01, 0x80, 0xE0, 0x60, 0x0F, 0x0F, 0x0D, 0x80, 0xE0, 0xC0, 0xD0, 0x10, 0x01,
  0x20, 0xD0, 0xE0, 0xFF, 0xF1, 0x80, 0x02, 0xA0, 0xD0, 0x20, 0x0F, 0x0F, 0x0C, 0xC0, 0xD1, 0xA0, 0x02, 0x50, 0xFF, 0xF3,
  0xB0, 0x02, 0x20, 0xC0, 0xB0, 0x10, 0x0F, 0x0F, 0x0B, 0xD0, 0xC0, 0x90, 0x40, 0x10, 0x01, 0xA0, 0xE0, 0xFF, 0xF2, 0xD0,
  0x03, 0x50, 0xD0, 0x80, 0x0F, 0x0F, 0x0A, 0x40, 0xE0, 0x80, 0x04, 0xC0, 0xFF, 0xF4, 0x30, 0x03, 0x80, 0xE0, 0x40, 0x10,
  0x0F, 0x0F, 0x08, 0x40, 0xE0, 0x80, 0x04, 0xC0, 0xFF, 0xF4, 0x40, 0x04, 0xB0, 0xC0, 0x20, 0x0F, 0x0F, 0x08, 0x40, 0xF0,
  0x80, 0x04, 0xD0, 0xE0, 0xFF, 0xF3, 0x30, 0x04, 0x30, 0xD0, 0x90, 0x0F, 0x0F, 0x08, 0x40, 0xD0, 0x80, 0x04, 0xC0, 0xFF,
  0xF4, 0x30, 0x05, 0x60, 0xE0, 0x80, 0x00, 0x20, 0x80, 0x40, 0x10, 0x0F, 0x0F, 0x02, 0x20, 0xD0, 0xA0, 0x04, 0xA0, 0xFF,
  0xF3, 0xD0, 0x07, 0x90, 0xD0, 0x40, 0x50, 0xE0, 0xB0, 0x10, 0x0F, 0x0F, 0x03, 0xC0, 0xD0, 0x04, 0x50, 0xE0, 0xD0, 0xFF,
  0xF1, 0xB0, 0x08, 0xC0, 0xA0, 0x20, 0xA0, 0x60, 0x0F, 0x0F, 0x04, 0x90, 0xE0, 0x40, 0x04, 0xC0, 0xFF, 0xF2, 0x80, 0x08,
  0x41, 0x10, 0x0F, 0x0F, 0x06, 0x30, 0xE0, 0xA0, 0x04, 0x50, 0xFF, 0xF2, 0x30, 0x0F, 0x0F, 0x0F, 0x03, 0xA0, 0xE0, 0x40,
  0x04, 0x90, 0xF1, 0xE0, 0xFE, 0xB0, 0x50, 0x0F, 0x0F, 0x04, 0x30, 0x20, 0x0B, 0x30, 0xD0, 0xC0, 0x20, 0x04, 0xC0, 0xFE,
  0xD0, 0x60, 0xB0, 0xE0, 0xA0, 0x20, 0x0F, 0x0F, 0x02, 0x40, 0x80, 0x0C, 0x70, 0xE0, 0xA0, 0x05, 0xA0, 0xD0, 0xFC, 0x60,
  0x00, 0x20, 0x60, 0xB0, 0xC0, 0x50, 0x0F, 0x0F, 0x02, 0x90, 0x0D, 0x90, 0xE0, 0xB0, 0x20, 0x04, 0x50, 0xB0, 0xE0, 0xF9,
  0x80, 0x01, 0xA0, 0xE0, 0x80, 0xA0, 0xE0, 0x70, 0x0F, 0x0F, 0x01, 0x30, 0x0E, 0x90, 0xE0, 0xC0, 0x40, 0x05, 0x30, 0x80,
  0xB1, 0xC0, 0xB0, 0xA0, 0x80, 0xC0, 0xD0, 0x90, 0x02, 0x30, 0x90, 0xE0, 0x91, 0xE0, 0x90, 0x0F, 0x0F, 0x0F, 0x01, 0x70,
  0xD0, 0xF0, 0xA0, 0x50, 0x08, 0x40, 0xA0, 0xE0, 0xD0, 0x60, 0x05, 0x60, 0xE0, 0x90, 0x70, 0xD0, 0x90, 0x10, 0x0A, 0x30,
  0x0F, 0x0F, 0x04, 0x40, 0xA0, 0xE1, 0xB0, 0x90, 0x70, 0x51, 0x60, 0x70, 0x90, 0xC0, 0xD0, 0xE0, 0xA0, 0x30, 0x07, 0x60,
  0xE0, 0x80, 0x60, 0xE0, 0xA0, 0x10, 0x08, 0x80, 0xE0, 0x70, 0x0F, 0x0F, 0x05, 0x30, 0x90, 0xC0, 0xE1, 0xD0, 0xF0, 0xE1,
  0xD0, 0xC0, 0x80, 0x40, 0x10, 0x09, 0x60, 0xE0, 0xB0, 0xE0, 0xD0, 0x90, 0x08, 0x60, 0xE0, 0x60, 0x0F, 0x0F, 0x08, 0x30,
  0x50, 0x60, 0xB0, 0xC0, 0x51, 0x0C, 0x80, 0xA0, 0xE0, 0xF0, 0x61, 0xE0, 0x40, 0x10, 0x0F, 0x0F, 0x0F, 0x05, 0x80, 0xC0,
  0x20, 0x00, 0x10, 0xA0, 0x30, 0x08, 0x90, 0xE0, 0x90, 0xC0, 0xF0, 0xA0, 0x00, 0xE0, 0x50, 0x0F, 0x0F, 0x02, 0x71, 0x0F,
  0x01, 0x70, 0xD0, 0x01, 0x20, 0xD0, 0x60, 0x08, 0xD0, 0x80, 0x00, 0x20, 0xE0, 0xF0, 0xA0, 0xE0, 0x40, 0x0F, 0x0F, 0x02,
  0xB1, 0x0F, 0x01, 0x50, 0xD0, 0x30, 0x01, 0xC0, 0x80, 0x08, 0xD0, 0xA0, 0x10, 0x50, 0xD0, 0xB0, 0xE0, 0x80, 0x0F, 0x01,
  0x30, 0x0F, 0x00, 0x31, 0x0F, 0x02, 0xD0, 0x60, 0x01, 0xA0, 0xC0, 0x03, 0x40, 0x60, 0x20, 0x01, 0x60, 0xD1, 0xF0, 0xA0,
  0xB0, 0xE0, 0x20, 0x0F, 0x01, 0xA0, 0x20, 0x0F, 0x0F, 0x04, 0xC0, 0xB0, 0x01, 0x50, 0xE0, 0x50, 0x01, 0xA0, 0xD0, 0xF0,
  0xC0, 0x40, 0x20, 0x00, 0x50, 0x70, 0x50, 0x60, 0xE1, 0x60, 0x02, 0x50, 0x0D, 0x50, 0x70, 0x0F, 0x0F, 0x04, 0x70, 0xD0,
  0x20, 0x01, 0xB0, 0xC0, 0x00, 0x60, 0xE0, 0x40, 0x30, 0xB0, 0x90, 0x03, 0x70, 0xE0, 0x90, 0xB0, 0x90, 0x02, 0xD0, 0x80,
  0x0C, 0x70, 0x50, 0x0F, 0x0F, 0x04, 0x20, 0xE0, 0x80, 0x01, 0x50, 0xD0, 0x80, 0x70, 0xC0, 0x01, 0x90, 0xB0, 0x02, 0x20,
  0xC0, 0x70, 0x00, 0x80, 0xC0, 0x02, 0x70, 0xD0, 0x60, 0x0A, 0x70, 0xA0, 0x30, 0x0E, 0x50, 0x60, 0x70, 0x0F, 0x03, 0x90,
  0xC0, 0x01, 0x20, 0xD1, 0x40, 0xC0, 0xA0, 0x90, 0xE0, 0x60, 0x06, 0x40, 0xC0, 0x40, 0x02, 0xA0, 0xC0, 0x40, 0x0F, 0x0B,
  0x30, 0xC0, 0xB0, 0x0F, 0x03, 0x30, 0xD0, 0x80, 0xA0, 0xD0, 0xB0, 0xD0, 0x90, 0x40, 0xB1, 0x80, 0x08, 0xE0, 0x50, 0x02,
  0x20, 0xC0, 0x70, 0x0F, 0x0B, 0x20, 0x80, 0xA0, 0x0F, 0x04, 0xB0, 0xD0, 0xB0, 0x70, 0x00, 0x80, 0xE0, 0x30, 0x01, 0x70,
  0xA0, 0x02, 0x80, 0x60, 0x02, 0xC0, 0x80, 0x03, 0x20, 0x10, 0x0F, 0x0D, 0x40, 0x10, 0x0F, 0x03, 0x50, 0xE0, 0x50, 0x01,
  0x10, 0xC0, 0xB0, 0x70, 0xC0, 0xD0, 0x80, 0x02, 0x80, 0xE0, 0x30, 0x01, 0xC0, 0x80, 0x0F, 0x0F, 0x0F, 0x02, 0x70, 0xB0,
  0x20, 0x04, 0xB0, 0xC0, 0x01, 0x20, 0xC0, 0xE1, 0xA0, 0x40, 0x03, 0x20, 0xD1, 0x10, 0xA0, 0xE0, 0xD0, 0xF0, 0x80, 0x0F,
  0x0F, 0x0F, 0x00, 0x40, 0xD0, 0xA0, 0x04, 0x30, 0xE0, 0x90, 0x70, 0xD1, 0xA0, 0xD0, 0x60, 0x05, 0x90, 0xF0, 0xD0, 0xE0,
  0xF0, 0x70, 0x80, 0xC0, 0x20, 0x0F, 0x0F, 0x0F, 0x00, 0x70, 0xE0, 0x70, 0x04, 0x60, 0xC1, 0xA0, 0x10, 0x00, 0x80, 0xE0,
  0xA0, 0x30, 0x03, 0x90, 0xC0, 0xE0, 0xB0, 0x30, 0x00, 0x90, 0xC0, 0x10, 0x0D, 0x70, 0x80, 0x0F, 0x0F, 0x01, 0xA0, 0xD0,
  0x40, 0x0A, 0x70, 0xD1, 0x70, 0x00, 0x20, 0x90, 0xE0, 0xD0, 0xE0, 0x80, 0x30, 0xB0, 0xE0, 0x60, 0x0E, 0x40, 0x70, 0x0F,
  0x0F, 0x01, 0x30, 0xC0, 0xA0, 0x10, 0x0A, 0x20, 0xA0, 0xD0, 0xE0, 0xF0, 0xE0, 0xA0, 0x30, 0x90, 0xE0, 0xD0, 0xC0, 0x50,
  0x0F, 0x0F, 0x0F, 0x04, 0x60, 0xC0, 0x80, 0x0C, 0x20, 0xA0, 0xD0, 0x50, 0x01, 0xA0, 0xE0, 0x40, 0x06, 0x60, 0x20, 0x0F,
  0x0F, 0x0E, 0x80, 0xC0, 0x50, 0x01, 0x10, 0x09, 0xA1, 0x00, 0x40, 0xB0, 0xE0, 0x60, 0x07, 0xB0, 0xA0, 0x0F, 0x0F, 0x0F,
  0xB0, 0xC0, 0x20, 0x0B, 0x70, 0xE0, 0xB0, 0xD0, 0xB0, 0x40, 0x08, 0x60, 0xC0, 0x20, 0x0F, 0x0F, 0x0E, 0x40, 0xE0, 0xA0,
  0x0C, 0x80, 0xA0, 0x80, 0x0F, 0x0F, 0x0F, 0x0D, 0x70, 0xE0, 0x70, 0x0F, 0x0F, 0x0F, 0x0F, 0x0D, 0xA0, 0xD0, 0x40, 0x0F,
  0x0F, 0x0F, 0x0F, 0x03, 0x30, 0xD0, 0xB0, 0x70, 0x04, 0x20, 0xC0, 0xB0, 0x10, 0x0F, 0x0F, 0x0F, 0x0F, 0x02, 0xA0, 0x71,
  0xD0, 0x40, 0x04, 0x30, 0xE0, 0x90, 0x0F, 0x0F, 0x0F, 0x0F, 0x02, 0xA0, 0x01, 0xA0, 0x90, 0x05, 0x80, 0xE0, 0x60, 0x0F,
  0x0F, 0x0F, 0x0F, 0x01, 0x40, 0x30, 0x20, 0xC0, 0x70, 0x06, 0xB0, 0xD0, 0x20, 0x0F, 0x00, 0x30, 0x0F, 0x0F, 0x0F, 0x40,
  0x71, 0x07, 0x30, 0xA0, 0x20, 0x07, 0x60, 0x07, 0xC0, 0x80, 0x0F, 0x0F, 0x0F, 0x0F, 0x04, 0xD0, 0x60, 0x06, 0x60, 0xC0,
  0x50, 0x01, 0x10, 0x0F, 0x0F, 0x0F, 0x0F, 0x00, 0x80, 0xD0, 0x40, 0x10, 0x05, 0x80, 0x70, 0x0F, 0x0F, 0x0F, 0x0F, 0x04,
  0xA0, 0x90, 0x0F, 0x0F, 0x0F, 0x0F, 0x0E, 0x20, 0x0F, 0x0F, 0x0F, 0x0F, 0x0F, 0x0F, 0x0F, 0x0F, 0x0F, 0x0F, 0x0F, 0x0F,
  0x0F, 0x0F, 0x0F, 0x0F, 0x0F, 0x0F, 0x0F, 0x0F, 0x0F, 0x0F, 0x0F, 0x0F, 0x0F, 0x0F, 0x0F, 0x0F, 0x0F, 0x0F, 0x0F, 0x0C,
  0x0F, 0x0F, 0x0F, 0x0F, 0x0F, 0x0F, 0x0F, 0x0F, 0x0F, 0x0F, 0x0F, 0x0F, 0x0F, 0x0F, 0x0F, 0x0F, 0x0F, 0x0F, 0x0F, 0x0F,
  0x0F, 0x0F, 0x0F, 0x0F, 0x0F, 0x0F, 0x0F, 0x0F, 0x0F, 0x0F, 0x0F, 0x0F, 0x0F, 0x0F, 0x0F, 0x0F, 0x0F, 0x0F, 0x0F, 0x0F,
  0x0F, 0x0F, 0x0F, 0x0F, 0x0F, 0x0F, 0x0F, 0x0F, 0x01, 0xB0, 0x60, 0x50, 0x0F, 0x0F, 0x0F, 0x0F, 0x0C, 0xB0, 0xE0, 0x80,
  0x0F, 0x0F, 0x0F, 0x0F, 0x0B, 0x20, 0xB0, 0xC0, 0x70, 0x0F, 0x0F, 0x0F, 0x0F, 0x0D, 0x20, 0x10, 0x0F, 0x0F, 0x0F, 0x06,
  0x20, 0x40, 0x52, 0x40, 0x20, 0x0F, 0x0F, 0x0F, 0x0F, 0x05, 0x30, 0x80, 0xC0, 0xD0, 0xF3, 0xE0, 0xD0, 0xC0, 0x80, 0x30,
  0x0F, 0x0F, 0x0F, 0x0F, 0x00, 0x30, 0x80, 0xE1, 0xC0, 0xA0, 0x80, 0x70, 0x60, 0x70, 0x80, 0xA0, 0xD0, 0xE1, 0x90, 0x20,
  0x0F, 0x0F, 0x0F, 0x0D, 0x70, 0xD0, 0xE0, 0xB0, 0x40, 0x08, 0x60, 0xB0, 0xE0, 0xD0, 0x60, 0x06, 0xA0, 0xC0, 0x70, 0x0F,
  0x0F, 0x0F, 0x01, 0x90, 0xE0, 0xC0, 0x50, 0x07, 0x21, 0x02, 0x60, 0xD0, 0xE0, 0x80, 0x05, 0xC0, 0xD0, 0xB0, 0x0F, 0x0F,
  0x0F, 0x00, 0x90, 0xE0, 0xB0, 0x10, 0x04, 0x60, 0xA0, 0xD0, 0xE0, 0xD2, 0xB0, 0x70, 0x30, 0x20, 0xB0, 0xE0, 0x80, 0x04,
  0x70, 0xB0, 0x50, 0x0F, 0x0F, 0x0F, 0x70, 0xE0, 0xC1, 0x50, 0x02, 0x60, 0xC0, 0xE0, 0xF7, 0xC0, 0xA0, 0x20, 0xB0, 0xF0,
  0x50, 0x0F, 0x0F, 0x0F, 0x05, 0x30, 0xD1, 0xE0, 0xD0, 0x40, 0x01, 0x90, 0xE1, 0xFA, 0xC0, 0x50, 0xD1, 0x20, 0x0F, 0x0F,
  0x0F, 0x00, 0x20, 0x02, 0x90, 0xE0, 0xD1, 0x40, 0x01, 0x90, 0xE0, 0xFD, 0xD0, 0x80, 0xE0, 0x90, 0x0F, 0x0F, 0x0F, 0x40,
  0xD0, 0x40, 0x00, 0x30, 0xE0, 0xD0, 0xE0, 0x70, 0x01, 0x70, 0xE0, 0xFF, 0xC0, 0xB0, 0xE0, 0x30, 0x09, 0x70, 0xA0, 0x10,
  0x0F, 0x0F, 0x01, 0xB0, 0xC0, 0x01, 0x80, 0xE0, 0xC0, 0xD0, 0x01, 0x30, 0xD0, 0xF0, 0xE0, 0xFF, 0xA0, 0xE0, 0x80, 0x09,
  0x20, 0xC0, 0x80, 0x90, 0xB0, 0x10, 0x0F, 0x0D, 0x30, 0xE0, 0x80, 0x01, 0xC0, 0xD0, 0xE0, 0xA0, 0x01, 0x90, 0xFF, 0xF2,
  0xD1, 0xB0, 0x10, 0x09, 0x80, 0xE0, 0xD0, 0x50, 0x0F, 0x0E, 0x60, 0xE0, 0x20, 0x01, 0xD1, 0xE0, 0x70, 0x01, 0xD0, 0xE1,
  0xFF, 0xF1, 0xE0, 0xD0, 0x09, 0x80, 0xE0, 0xD0, 0xC0, 0x20, 0x0F, 0x0E, 0x90, 0xC0, 0x01, 0x40, 0xE0, 0xB0, 0xE0, 0x50,
  0x00, 0x60, 0xE0, 0xFF, 0xF5, 0x30, 0x08, 0x80, 0x60, 0x00, 0xB0, 0x70, 0x0F, 0x0E, 0xC0, 0xB0, 0x01, 0x40, 0xE0, 0x80,
  0x70, 0x01, 0x80, 0xE0, 0xFF, 0xF5, 0x40, 0x0B, 0x30, 0x40, 0x0F, 0x0E, 0xC0, 0xB0, 0x01, 0x40, 0xF0, 0x80, 0x02, 0x90,
  0xF1, 0xE0, 0xFF, 0xF3, 0x30, 0x0F, 0x0F, 0x0C, 0xB1, 0x01, 0x40, 0xD0, 0x80, 0x02, 0x90, 0xFF, 0xF6, 0x30, 0x0C, 0x10,
  0x0F, 0x0E, 0xA0, 0xC0, 0x01, 0x20, 0xD0, 0xA0, 0x02, 0x70, 0xFF, 0xF5, 0xD0, 0x0F, 0x0F, 0x0D, 0x70, 0xE0, 0x20, 0x01,
  0xC0, 0xD0, 0x02, 0x50, 0xE0, 0xF1, 0xD0, 0xFF, 0xF1, 0xB0, 0x0F, 0x0F, 0x0D, 0x20, 0xE0, 0x80, 0x01, 0x90, 0xE0, 0x40,
  0x02, 0xC0, 0xFF, 0xF4, 0x80, 0x0A, 0x10, 0x0F, 0x0F, 0x02, 0xA0, 0xC0, 0x30, 0x00, 0x30, 0xE0, 0xA0, 0x02, 0x80, 0xFF,
  0xF3, 0xE0, 0x80, 0x0F, 0x0F, 0x0E, 0x30, 0xE0, 0xB0, 0x01, 0xA0, 0xE0, 0x40, 0x01, 0x20, 0xC0, 0xF3, 0xE0, 0xFD, 0xC0,
  0xE0, 0xB0, 0x60, 0x0D, 0x50, 0x0F, 0x0E, 0x60, 0xE0, 0x80, 0x00, 0x30, 0xD0, 0xC0, 0x20, 0x01, 0x50, 0xE0, 0xFF, 0xF0,
  0xD0, 0x30, 0x40, 0xA0, 0xE0, 0xA0, 0x20, 0x02, 0xB0, 0x80, 0x05, 0x80, 0xE0, 0x80, 0x0F, 0x0E, 0x90, 0xE0, 0x50, 0x00,
  0x70, 0xD0, 0xA0, 0x02, 0x70, 0xE0, 0xFF, 0x60, 0x00, 0x30, 0x10, 0x60, 0xD0, 0xC0, 0x50, 0x01, 0x90, 0xC0, 0x50, 0x04,
  0x60, 0xD0, 0x80, 0x0F, 0x0E, 0x20, 0xC1, 0x10, 0x00, 0x90, 0xD0, 0xB0, 0x20, 0x01, 0x60, 0xD0, 0xFD, 0x90, 0x01, 0xA0,
  0xE0, 0x70, 0x30, 0xB0, 0xE0, 0x60, 0x01, 0xC0, 0xD0, 0x20, 0x0F, 0x0F, 0x06, 0x40, 0xD0, 0xA0, 0x01, 0x90, 0xE0, 0xC0,
  0x40, 0x01, 0x20, 0xA0, 0xE0, 0xF6, 0xE0, 0xD0, 0xF0, 0xE0, 0x80, 0x02, 0x30, 0x90, 0xE0, 0x90, 0x20, 0xB0, 0xD0, 0x70,
  0x00, 0x30, 0xD0, 0x90, 0x0F, 0x0F, 0x07, 0x80, 0xE0, 0x60, 0x01, 0x70, 0xD0, 0xF0, 0x90, 0x50, 0x01, 0x30, 0x80, 0xB1,
  0xD0, 0xE0, 0xC0, 0xA1, 0xE0, 0xD0, 0x60, 0x05, 0x60, 0xE0, 0xA0, 0x10, 0x90, 0xF0, 0x80, 0x00, 0x80, 0xE0, 0x60, 0x0F,
  0x0C, 0x60, 0x50, 0x08, 0xB0, 0xD0, 0x40, 0x01, 0x40, 0xA0, 0xE1, 0xB0, 0x90, 0x70, 0x51, 0x60, 0x70, 0x90, 0xC0, 0xD0,
  0xE0, 0xA0, 0x30, 0x07, 0x60, 0xE0, 0x80, 0x00, 0xB0, 0xE0, 0x80, 0x00, 0xB0, 0xC0, 0x30, 0x0F, 0x08, 0x20, 0x00, 0x80,
  0xB0, 0xC0, 0x80, 0x07, 0x30, 0xD0, 0xA0, 0x03, 0x30, 0x90, 0xC0, 0xE1, 0xD0, 0xF0, 0xE2, 0xC0, 0x90, 0x40, 0x10, 0x09,
  0x80, 0xE0, 0xB0, 0xE0, 0x90, 0xF0, 0x60, 0x30, 0xD0, 0xB0, 0x10, 0x0F, 0x08, 0x20, 0x80, 0x10, 0x70, 0xC0, 0x08, 0x50,
  0x70, 0x06, 0x30, 0x50, 0x60, 0xB0, 0xC0, 0x51, 0x0C, 0x60, 0x70, 0xB0, 0xE0, 0x60, 0x00, 0xB1, 0x00, 0x60, 0xE0, 0x80,
  0x0F, 0x09, 0x30, 0x90, 0xB0, 0x80, 0x0F, 0x04, 0x80, 0xC0, 0x20, 0x00, 0x30, 0x40, 0x09, 0xB0, 0xD1, 0xE0, 0xF0, 0xA0,
  0x10, 0x80, 0xC0, 0x01, 0x90, 0xE0, 0x50, 0x0F, 0x09, 0x30, 0x40, 0x0F, 0x05, 0x70, 0xD0, 0x01, 0xA1, 0x08, 0x60, 0xE0,
  0x50, 0x10, 0x90, 0xE1, 0xA0, 0xD0, 0x80, 0x02, 0xB0, 0x90, 0x0F, 0x0F, 0x0F, 0x01, 0x50, 0xD0, 0x30, 0x00, 0xA1, 0x08,
  0x80, 0xD0, 0x30, 0x00, 0x80, 0xE0, 0xA0, 0xE0, 0xA0, 0x10, 0x03, 0x20, 0x06, 0x80, 0xD0, 0x20, 0x0F, 0x0F, 0x08, 0xD0,
  0x60, 0x00, 0x60, 0xD0, 0x30, 0x07, 0x20, 0xC1, 0xA0, 0xE0, 0x80, 0xB0, 0xE0, 0x30, 0x0C, 0xB0, 0xE0, 0x50, 0x0F, 0x0F,
  0x08, 0xC0, 0xB0, 0x00, 0x10, 0xC0, 0x90, 0x01, 0x20, 0xA0, 0xB1, 0x40, 0x01, 0x30, 0xA0, 0xB0, 0x71, 0xF0, 0xD0, 0x90,
  0x0C, 0x20, 0x50, 0x0F, 0x0F, 0x09, 0x70, 0xD0, 0x20, 0x00, 0x80, 0xC0, 0x30, 0x00, 0xB1, 0x80, 0xB1, 0x10, 0x03, 0x70,
  0xE0, 0x90, 0x80, 0xD0, 0x20, 0x0F, 0x0F, 0x06, 0x50, 0x10, 0x0E, 0x20, 0xE0, 0x80, 0x00, 0x30, 0xD0, 0xB0, 0x10, 0xD0,
  0x70, 0x00, 0x30, 0xD0, 0x30, 0x02, 0x20, 0xC0, 0x70, 0x01, 0xD0, 0x70, 0xB0, 0x60, 0x0F, 0x0F, 0x03, 0x20, 0xD0, 0x90,
  0x0F, 0x90, 0xC0, 0x01, 0x70, 0xE0, 0x50, 0xD0, 0xB0, 0x10, 0x80, 0xD0, 0x30, 0x07, 0xB1, 0xA0, 0xD0, 0x30, 0x0F, 0x0F,
  0x03, 0x70, 0x50, 0x0F, 0x30, 0xD0, 0x70, 0xA0, 0xE0, 0xD0, 0xC0, 0x50, 0xD0, 0xE0, 0xC0, 0x80, 0x08, 0x90, 0xC0, 0x20,
  0xD0, 0xB0, 0x10, 0x0F, 0x0F, 0x0F, 0x05, 0xB0, 0xD0, 0xB0, 0x70, 0x30, 0xE0, 0x80, 0x30, 0x50, 0x30, 0x70, 0xA0, 0x02,
  0x50, 0x10, 0x02, 0x80, 0xD0, 0x00, 0x50, 0x90, 0x0F, 0x0F, 0x0F, 0x06, 0x50, 0xE0, 0x50, 0x01, 0x80, 0xE0, 0x50, 0x70,
  0xC0, 0xD0, 0x90, 0x02, 0xB0, 0x90, 0x02, 0x80, 0xD0, 0x80, 0x60, 0x0F, 0x0F, 0x0F, 0x08, 0xB1, 0x10, 0x00, 0x30, 0xD0,
  0xE1, 0xA0, 0x40, 0x03, 0x70, 0xE0, 0x80, 0x00, 0x80, 0xE0, 0xD0, 0xC0, 0xE0, 0x50, 0x0F, 0x0F, 0x02, 0x50, 0x10, 0x0F,
  0x02, 0x60, 0xD0, 0x91, 0xE0, 0xB1, 0xE0, 0x60, 0x05, 0xD0, 0xE0, 0xD0, 0xE0, 0xC0, 0x50, 0x10, 0xC0, 0xA0, 0x0F, 0x0F,
  0x02, 0x70, 0xC0, 0xA0, 0x0F, 0x02, 0x70, 0xB0, 0xC0, 0x90, 0xB0, 0x81, 0xF0, 0xA0, 0x30, 0x03, 0xB0, 0xC0, 0xD0, 0xB0,
  0x20, 0x00, 0x60, 0xE0, 0x80, 0x0F, 0x0F, 0x02, 0x70, 0xB0, 0x70, 0x0F, 0x06, 0x90, 0xE0, 0x50, 0x70, 0xD1, 0x70, 0x10,
  0x20, 0x90, 0xE2, 0xA0, 0x20, 0x90, 0xE0, 0x90, 0x70, 0x10, 0x0F, 0x0F, 0x02, 0x30, 0x80, 0x0F, 0x07, 0xB1, 0x21, 0x90,
  0xD0, 0xE1, 0xF0, 0xB0, 0x60, 0xD0, 0xF1, 0xD0, 0x80, 0x50, 0xE0, 0x80, 0x0F, 0x0F, 0x0F, 0x0C, 0x40, 0xD0, 0xA0, 0x01,
  0x20, 0x80, 0xE0, 0x80, 0x10, 0x00, 0xB1, 0x60, 0x20, 0x01, 0x90, 0xE0, 0x30, 0x0F, 0x0F, 0x0F, 0x06, 0x10, 0x04, 0x70,
  0x90, 0x02, 0x90, 0xC0, 0x00, 0x30, 0xA0, 0xD0, 0x50, 0x04, 0x80, 0x30, 0x0F, 0x0F, 0x0F, 0x0F, 0x01, 0x70, 0xE0, 0xB0,
  0xC1, 0x50, 0x0F, 0x0F, 0x0F, 0x0F, 0x0A, 0x70, 0xA0, 0x80, 0x30, 0x0F, 0x0F, 0x0F, 0x0F, 0x0F, 0x0F, 0x0F, 0x0F, 0x0F,
  0x0F, 0x0F, 0x0F, 0x0F, 0x0F, 0x0F, 0x0F, 0x0F, 0x0F, 0x0F, 0x0F, 0x0F, 0x0F, 0x0F, 0x0F, 0x0F, 0x0F, 0x0F, 0x0F, 0x0F,
  0x0F, 0x0F, 0x0F, 0x0F, 0x0F, 0x0F, 0x0F, 0x0F, 0x0F, 0x09, 0x20, 0x30, 0x0F, 0x20, 0x40, 0x07, 0xB0, 0x60, 0x0F, 0x0F,
  0x0F, 0x01, 0x51, 0x70, 0x0E, 0x70, 0xE0, 0x50, 0x10, 0x05, 0xA0, 0xE0, 0x10, 0x0F, 0x0F, 0x0F, 0x02, 0x50, 0x20, 0x0E,
  0xB1, 0x10, 0x06, 0x80, 0x0F, 0x0F, 0x0F, 0x0F, 0x04, 0x20, 0x60, 0x0F, 0x0F, 0x0F, 0x0F, 0x0F, 0x0F, 0x0F, 0x0F, 0x0F,
  0x0F, 0x0F, 0x0F, 0x0F, 0x0F, 0x0F, 0x0F, 0x0F, 0x0F, 0x0F, 0x0F, 0x0F, 0x0F, 0x0F, 0x0F, 0x0F, 0x0F, 0x0F, 0x0F, 0x0F,
  0x0F, 0x0F, 0x0C, 0x0F, 0x0F, 0x0F, 0x0F, 0x0F, 0x0F, 0x0F, 0x0F, 0x0F, 0x0F, 0x0F, 0x0F, 0x0F, 0x0F, 0x0F, 0x0F, 0x0F,
  0x0F, 0x0F, 0x0F, 0x0F, 0x0F, 0x0F, 0x0F, 0x0F, 0x0F, 0x0F, 0x0B, 0x10, 0x0F, 0x0F, 0x0F, 0x0F, 0x0B, 0x20, 0xB0, 0xD0,
  0xC0, 0x50, 0x0F, 0x0F, 0x0F, 0x0F, 0x0A, 0x70, 0xC0, 0x30, 0x80, 0xB0, 0x0F, 0x0F, 0x0F, 0x0F, 0x0A, 0x70, 0xC0, 0x20,
  0x60, 0xC0, 0x0F, 0x0F, 0x0F, 0x0F, 0x0A, 0x20, 0xB0, 0xD0, 0xC0, 0x90, 0x03, 0x70, 0x80, 0x0F, 0x0F, 0x0F, 0x0F, 0x05,
  0x10, 0x60, 0x50, 0x04, 0xB0, 0xE0, 0x50, 0x0F, 0x0F, 0x0F, 0x0F, 0x0C, 0x60, 0x80, 0x10, 0x0F, 0x0F, 0x0F, 0x0F, 0x0F,
  0x0F, 0x0F, 0x0F, 0x06, 0x20, 0x40, 0x52, 0x40, 0x20, 0x0F, 0x0F, 0x0F, 0x0F, 0x05, 0x30, 0x80, 0xC0, 0xD0, 0xE0, 0xF2,
  0xE0, 0xD0, 0xC0, 0x80, 0x30, 0x0F, 0x02, 0x90, 0x50, 0x0F, 0x0F, 0x0B, 0x30, 0x80, 0xE1, 0xD0, 0xC0, 0xD0, 0xE0, 0xD0,
  0xE0, 0xC0, 0xB0, 0xC0, 0xE1, 0xA0, 0x20, 0x0F, 0x10, 0xC0, 0x80, 0x0F, 0x0F, 0x0A, 0x70, 0xD0, 0xE0, 0xB0, 0xA0, 0xE0,
  0xD0, 0xE0, 0xC1, 0xD0, 0xE0, 0xD0, 0xE0, 0x90, 0xB0, 0xE0, 0xD0, 0x60, 0x0F, 0x0F, 0x0F, 0x0A, 0x10, 0x90, 0xE0, 0xC0,
  0x50, 0x30, 0xB0, 0xA0, 0x40, 0x03, 0x20, 0x70, 0xB0, 0x90, 0x00, 0x60, 0xD0, 0xE0, 0x80, 0x0F, 0x0F, 0x0F, 0x09, 0x80,
  0xE0, 0xB0, 0x20, 0x05, 0x40, 0x52, 0x40, 0x20, 0x02, 0x20, 0xB0, 0xE0, 0x80, 0x0F, 0x0F, 0x0F, 0x07, 0x70, 0xE0, 0xB0,
  0x04, 0x30, 0x90, 0xC0, 0xE0, 0xF3, 0xD0, 0xA0, 0x50, 0x02, 0xB0, 0xE0, 0x50, 0x0F, 0x0F, 0x0F, 0x05, 0x30, 0xD0, 0xC0,
  0x20, 0x03, 0x90, 0xE1, 0xF7, 0xE0, 0xB0, 0x40, 0x00, 0x20, 0xC0, 0xD0, 0x20, 0x0F, 0x0F, 0x0F, 0x00, 0x20, 0x02, 0x90,
  0xE0, 0x50, 0x02, 0x30, 0xB0, 0xFC, 0xD0, 0x50, 0x00, 0x60, 0xE0, 0x90, 0x0F, 0x0F, 0x0F, 0x40, 0xD0, 0x40, 0x00, 0x30,
  0xE0, 0xA0, 0x02, 0x30, 0xB0, 0xFE, 0xE0, 0x50, 0x00, 0xB0, 0xE0, 0x20, 0x0F, 0x0F, 0x0E, 0xB0, 0xC0, 0x01, 0x80, 0xE0,
  0x50, 0x02, 0xA0, 0xF1, 0xE0, 0xFD, 0xC0, 0x20, 0x60, 0xE0, 0x80, 0x0F, 0x0F, 0x0D, 0x30, 0xE0, 0x80, 0x01, 0xB0, 0xC0,
  0x02, 0x60, 0xE0, 0xFF, 0xF1, 0x90, 0x10, 0xC0, 0xB0, 0x08, 0xC0, 0x90, 0x0F, 0x0F, 0x02, 0x60, 0xE0, 0x20, 0x01, 0xD0,
  0xB0, 0x02, 0xB0, 0xF0, 0xE1, 0xFA, 0xE0, 0xF4, 0x20, 0xB0, 0xE0, 0x08, 0xA0, 0x80, 0x0F, 0x0F, 0x02, 0x90, 0xC0, 0x01,
  0x40, 0xE0, 0x90, 0x01, 0x40, 0xE0, 0xD0, 0xFF, 0xF2, 0x70, 0xB0, 0xF0, 0x30, 0x0F, 0x0F, 0x0C, 0xC0, 0xB0, 0x01, 0x40,
  0xF0, 0x80, 0x01, 0x60, 0xF0, 0xE0, 0xFF, 0xF2, 0xA0, 0x90, 0xF0, 0x40, 0x0F, 0x0F, 0x0C, 0xC0, 0xB0, 0x01, 0x40, 0xF0,
  0x80, 0x01, 0xA0, 0xF2, 0xE0, 0xFF, 0xF0, 0xC0, 0x90, 0xF0, 0x30, 0x0D, 0x40, 0x70, 0x20, 0x0F, 0x0B, 0xB1, 0x01, 0x40,
  0xF0, 0x80, 0x01, 0xA0, 0xFF, 0xF4, 0xD0, 0xA0, 0xF0, 0x30, 0x0C, 0x10, 0xA0, 0xE0, 0x80, 0x10, 0x03, 0x40, 0x20, 0x0F,
  0x04, 0xA0, 0xC0, 0x01, 0x20, 0xD0, 0xA0, 0x01, 0xA0, 0xFF, 0xF4, 0xD0, 0xC0, 0xD0, 0x0E, 0x50, 0xA0, 0x30, 0x03, 0xB0,
  0xC0, 0x90, 0x40, 0x0F, 0x03, 0x70, 0xE0, 0x30, 0x01, 0xC0, 0xD0, 0x01, 0x80, 0xF3, 0xD0, 0xFF, 0xA0, 0xD0, 0xA0, 0x0F,
  0x04, 0x60, 0xC0, 0x10, 0x40, 0xA0, 0x0F, 0x03, 0x20, 0xE0, 0x90, 0x01, 0x90, 0xE0, 0x30, 0x00, 0x50, 0xE0, 0xFF, 0xF3,
  0xA0, 0xF0, 0x80, 0x0A, 0x10, 0x08, 0x50, 0xC0, 0x30, 0x40, 0xA0, 0x0F, 0x04, 0x90, 0xE0, 0x30, 0x00, 0x30, 0xE0, 0xA0,
  0x00, 0x10, 0xC0, 0xE0, 0xFF, 0xF1, 0xE0, 0xC0, 0xF0, 0xD0, 0xA0, 0x30, 0x0F, 0x03, 0x90, 0xD0, 0xC0, 0x60, 0x0F, 0x04,
  0x30, 0xE0, 0xB0, 0x01, 0xA0, 0xE0, 0x40, 0x00, 0x80, 0xF5, 0xE0, 0xFB, 0xD0, 0xE0, 0xB0, 0x80, 0xB0, 0xD0, 0x90, 0x20,
  0x0F, 0x02, 0x10, 0x0F, 0x07, 0x60, 0xE0, 0x80, 0x00, 0x30, 0xD0, 0xC0, 0x21, 0xB0, 0xFF, 0xF0, 0xE0, 0xD0, 0xE0, 0x30,
  0x01, 0x70, 0xD0, 0xC0, 0x40, 0x0F, 0x0F, 0x0B, 0x90, 0xE0, 0x50, 0x00, 0x70, 0xD0, 0xA0, 0x10, 0x60, 0xD0, 0xE0, 0xFE,
  0xE0, 0xF0, 0x60, 0x01, 0x20, 0x00, 0x30, 0xB0, 0xE0, 0x50, 0x01, 0x40, 0x20, 0x04, 0x10, 0x0F, 0x0F, 0x00, 0x20, 0xC1,
  0x10, 0x00, 0x90, 0xD0, 0xA0, 0x10, 0x60, 0xE0, 0xFF, 0x90, 0x01, 0x80, 0xD0, 0xA0, 0x20, 0x00, 0x90, 0xE0, 0x80, 0x10,
  0xB0, 0xD0, 0x20, 0x0F, 0x0F, 0x06, 0x40, 0xD0, 0xA0, 0x01, 0x90, 0xE0, 0xB0, 0x40, 0x50, 0xC0, 0xF0, 0xE0, 0xFA, 0xE0,
  0x80, 0x02, 0x20, 0x80, 0xD0, 0xC0, 0x30, 0x00, 0x80, 0xD0, 0x90, 0x40, 0xD0, 0x90, 0x0F, 0x0F, 0x07, 0x80, 0xE0, 0x60,
  0x01, 0x90, 0xD0, 0xE0, 0x90, 0x50, 0x80, 0xD0, 0xE0, 0xF8, 0xD0, 0x70, 0x05, 0x30, 0xC0, 0xB0, 0x20, 0x00, 0x80, 0xE0,
  0x90, 0x80, 0xE0, 0x60, 0x0F, 0x0F, 0x07, 0xB0, 0xE0, 0x40, 0x01, 0x40, 0xA0, 0xE1, 0xB0, 0x90, 0x80, 0xA0, 0xB0, 0xC0,
  0xD1, 0xE0, 0xD0, 0xE0, 0xA0, 0x30, 0x07, 0x30, 0xD0, 0xB0, 0x00, 0x90, 0xC0, 0xE0, 0xA0, 0xB0, 0xD0, 0x30, 0x0C, 0x70,
  0x50, 0x0F, 0x07, 0x30, 0xC0, 0xB0, 0x03, 0x40, 0x90, 0xC0, 0xE0, 0xD0, 0xE1, 0xF1, 0xE0, 0xC0, 0x90, 0x40, 0x10, 0x09,
  0x50, 0xD0, 0xC0, 0xD0, 0x61, 0xE0, 0x70, 0xC0, 0xB0, 0x10, 0x0B, 0x70, 0xD0, 0x40, 0x0F, 0x07, 0x60, 0xE0, 0x80, 0x04,
  0x10, 0x30, 0x50, 0x60, 0x90, 0xE0, 0x60, 0x50, 0x0B, 0x10, 0x61, 0x70, 0xE0, 0x70, 0x20, 0x00, 0x90, 0xD0, 0x60, 0xE0,
  0x80, 0x0B, 0x90, 0xA0, 0x50, 0x0F, 0x08, 0x80, 0xE0, 0x50, 0x07, 0x60, 0xE0, 0x01, 0x20, 0x10, 0x08, 0x20, 0xB0, 0xD1,
  0xC0, 0xB0, 0xC0, 0x30, 0x00, 0xC0, 0xA0, 0x00, 0x90, 0xE0, 0x50, 0x0F, 0x0C, 0x20, 0x90, 0xA0, 0x50, 0x06, 0xB0, 0xC0,
  0x07, 0x60, 0xD0, 0x20, 0x10, 0xC0, 0x60, 0x08, 0x80, 0xD0, 0x40, 0x30, 0xB0, 0xA0, 0xB0, 0xC0, 0xA0, 0xD0, 0x50, 0x01,
  0xB0, 0xC0, 0x0F, 0x0C, 0x90, 0xC0, 0xA0, 0xD0, 0x60, 0x05, 0x40, 0xD0, 0x90, 0x06, 0x20, 0xD0, 0x60, 0x00, 0xC0, 0x80,
  0x08, 0xA0, 0xC0, 0x10, 0x00, 0x90, 0xD0, 0x60, 0xE0, 0xB0, 0x50, 0x02, 0x40, 0xE0, 0xA0, 0x0F, 0x0B, 0xC0, 0x50, 0x00,
  0xA0, 0x90, 0x10, 0x05, 0x70, 0xD0, 0x60, 0x06, 0xB0, 0xA0, 0x00, 0x90, 0xD0, 0x04, 0x20, 0x02, 0x50, 0xE0, 0xA0, 0xB0,
  0xE0, 0x81, 0xF0, 0x80, 0x04, 0x70, 0xE0, 0x60, 0x04, 0x10, 0x0F, 0x04, 0xA1, 0x50, 0xC0, 0x80, 0x07, 0xA0, 0x90, 0x06,
  0x70, 0xD0, 0x10, 0x60, 0xD0, 0x50, 0x01, 0x30, 0x80, 0xB0, 0x80, 0x02, 0x70, 0xB0, 0xC0, 0x70, 0x60, 0xE0, 0xC0, 0xD0,
  0x20, 0x04, 0xA0, 0xD0, 0x50, 0x05, 0x50, 0xA0, 0x80, 0x0F, 0x00, 0x40, 0xA0, 0xC1, 0x20, 0x0F, 0x00, 0x30, 0xD0, 0x60,
  0x00, 0xA0, 0xC0, 0x10, 0x20, 0xB0, 0xC0, 0xB0, 0xD0, 0x90, 0x04, 0x80, 0xD0, 0x90, 0x30, 0xC0, 0x60, 0x04, 0x30, 0xC0,
  0xB0, 0x05, 0x80, 0xD0, 0xC0, 0x10, 0x0F, 0x02, 0x20, 0x0F, 0x02, 0xB0, 0xC0, 0x00, 0x40, 0xD0, 0x61, 0xE0, 0x30, 0x00,
  0x80, 0xC0, 0x04, 0xA0, 0x70, 0x01, 0xB0, 0xA0, 0x00, 0x10, 0x03, 0x50, 0x80, 0x05, 0x30, 0xC0, 0x80, 0x0F, 0x0F, 0x07,
  0x50, 0xD0, 0x20, 0x00, 0x90, 0xE0, 0x70, 0xE0, 0x50, 0x00, 0x90, 0xC0, 0x08, 0x90, 0xD0, 0x70, 0xB0, 0x30, 0x0F, 0x0F,
  0x0F, 0x06, 0xC0, 0xA0, 0x90, 0xD0, 0xC0, 0xB1, 0xD0, 0xC0, 0xD0, 0x60, 0x08, 0x50, 0xE0, 0x50, 0xD0, 0xB0, 0x20, 0x0F,
  0x0F, 0x0F, 0x05, 0x80, 0xE0, 0xB0, 0x70, 0x40, 0xD0, 0xA0, 0x60, 0x80, 0x40, 0x70, 0xB0, 0x30, 0x01, 0x40, 0x10, 0x02,
  0x30, 0xE0, 0x61, 0xE0, 0x90, 0x0F, 0x0F, 0x0F, 0x05, 0x30, 0xD0, 0x80, 0x01, 0x80, 0xE0, 0xA1, 0xD1, 0xA0, 0x20, 0x01,
  0xB0, 0xA0, 0x02, 0x70, 0xB0, 0x80, 0x50, 0x90, 0xE0, 0x50, 0x0F, 0x0F, 0x0F, 0x05, 0x80, 0xD0, 0x60, 0x40, 0xA0, 0xD0,
  0xC0, 0xE0, 0xA0, 0x30, 0x03, 0x70, 0xE0, 0x90, 0x00, 0x60, 0xE0, 0xF0, 0xD1, 0x60, 0xC1, 0x20, 0x0F, 0x0F, 0x0F, 0x04,
  0x10, 0x90, 0xD1, 0xC0, 0x41, 0xD0, 0xB0, 0x20, 0x04, 0xC0, 0xF0, 0xD0, 0xE0, 0xD0, 0x70, 0x10, 0x90, 0xB0, 0x40, 0xD0,
  0x60, 0x0F, 0x0F, 0x0F, 0x06, 0x30, 0x40, 0x20, 0xD0, 0x80, 0x30, 0xC0, 0xD0, 0x60, 0x03, 0xA0, 0xD0, 0xC0, 0xD0, 0x40,
  0x00, 0x40, 0xD0, 0xA0, 0x00, 0x20, 0x0F, 0x0F, 0x0F, 0x0A, 0x90, 0xD0, 0x50, 0x20, 0xA0, 0xF0, 0xA0, 0x50, 0x40, 0xA0,
  0xE0, 0xF1, 0xC0, 0x10, 0x80, 0xD0, 0xB0, 0x40, 0x0F, 0x0F, 0x0F, 0x0D, 0xB1, 0x10, 0x00, 0x50, 0xB0, 0xC0, 0xE1, 0xA0,
  0x40, 0xA0, 0xF2, 0x80, 0x10, 0x80, 0x70, 0x0F, 0x0F, 0x0F, 0x0C, 0x40, 0xC0, 0x90, 0x10, 0x01, 0x90, 0xD0, 0x60, 0x01,
  0xB1, 0x60, 0x20, 0x01, 0x90, 0xD0, 0x40, 0x0F, 0x0F, 0x0F, 0x06, 0x10, 0x04, 0x70, 0xD0, 0x60, 0x01, 0x90, 0xC0, 0x00,
  0x40, 0xC0, 0xF0, 0x50, 0x04, 0xC1, 0x10, 0x0F, 0x0F, 0x0F, 0x0C, 0xA0, 0xD0, 0x30, 0x00, 0x60, 0xE0, 0xC0, 0xD1, 0x30,
  0x05, 0x40, 0xC0, 0x50, 0x0F, 0x0F, 0x0F, 0x0C, 0x30, 0x90, 0x20, 0x01, 0x60, 0x90, 0x50, 0x08, 0x20, 0x0F, 0x0F, 0x0F,
  0x0F, 0x0F, 0x0F, 0x0F, 0x0F, 0x0F, 0x0F, 0x0F, 0x0F, 0x0F, 0x0F, 0x0F, 0x0F, 0x0F, 0x0F, 0x0F, 0x0F, 0x0F, 0x0F, 0x0F,
  0x0F, 0x0F, 0x0F, 0x0F, 0x0F, 0x0F, 0x0F, 0x0F, 0x0F, 0x0F, 0x0F, 0x0F, 0x0F, 0x0F, 0x0F, 0x0F, 0x0F, 0x0F, 0x0F, 0x0F,
  0x0F, 0x05, 0x10, 0x0F, 0x0F, 0x0F, 0x0F, 0x0F, 0x0F, 0x0F, 0x0F, 0x0F, 0x0F, 0x0F, 0x0F, 0x0F, 0x0F, 0x0F, 0x0F, 0x0F,
  0x0F, 0x0F, 0x0F, 0x0F, 0x0F, 0x0F, 0x0F, 0x0F, 0x0F, 0x0F, 0x0F, 0x0F, 0x0F, 0x0F, 0x0F, 0x0F, 0x0F, 0x0F, 0x0F, 0x0F,
  0x0F, 0x0F, 0x0F, 0x0F, 0x0B, 0x0F, 0x0F, 0x0F, 0x0F, 0x0F, 0x0F, 0x0F, 0x0F, 0x0F, 0x0F, 0x0F, 0x0F, 0x0F, 0x0F, 0x0F,
  0x0F, 0x0F, 0x0F, 0x0F, 0x0F, 0x0F, 0x0F, 0x0F, 0x0F, 0x0F, 0x0F, 0x0F, 0x0F, 0x0F, 0x0F, 0x0F, 0x0F, 0x0C, 0x70, 0xA0,
  0x80, 0x0F, 0x0F, 0x0F, 0x0F, 0x0C, 0x80, 0xF0, 0xB0, 0x0F, 0x0F, 0x0F, 0x0F, 0x0C, 0x80, 0xA0, 0xB0, 0x0F, 0x0F, 0x0F,
  0x0F, 0x0F, 0x0F, 0x0F, 0x0F, 0x0F, 0x0F, 0x0F, 0x0F, 0x0F, 0x0F, 0x0F, 0x0F, 0x0F, 0x0F, 0x0F, 0x0F, 0x0F, 0x0F, 0x0F,
  0x0B, 0x20, 0x40, 0x52, 0x40, 0x10, 0x0F, 0x0F, 0x0F, 0x0F, 0x05, 0x30, 0x80, 0xC0, 0xD0, 0xE0, 0xF2, 0xE0, 0xD0, 0xC0,
  0x80, 0x30, 0x0F, 0x0F, 0x0F, 0x0F, 0x00, 0x30, 0x80, 0xE1, 0xD1, 0xE1, 0xD0, 0xC0, 0xB1, 0xC0, 0xE1, 0xA0, 0x20, 0x07,
  0x30, 0xA0, 0xB0, 0x80, 0x10, 0x0F, 0x0F, 0x0F, 0x00, 0x70, 0xD0, 0xE0, 0xB0, 0xA0, 0xE1, 0xD0, 0xC2, 0xE0, 0xD0, 0x00,
  0x50, 0xB0, 0xE0, 0xD0, 0x60, 0x06, 0xA0, 0xB0, 0x70, 0xD0, 0x70, 0x0F, 0x0F, 0x0E, 0x10, 0x90, 0xE0, 0xC0, 0x50, 0x30,
  0xB0, 0xA0, 0x40, 0x03, 0x40, 0x60, 0x02, 0x60, 0xD0, 0xE0, 0x80, 0x05, 0xB0, 0x80, 0x00, 0x90, 0xA0, 0x0F, 0x0F, 0x0E,
  0x80, 0xE0, 0xB0, 0x20, 0x0E, 0x20, 0xB0, 0xE0, 0x80, 0x04, 0x70, 0xD0, 0xA0, 0xD0, 0x80, 0x03, 0x40, 0x20, 0x0F, 0x0F,
  0x07, 0x70, 0xE0, 0xB0, 0x05, 0x40, 0x80, 0xA0, 0xB0, 0xA0, 0x80, 0x40, 0x10, 0x04, 0xB0, 0xE0, 0x50, 0x04, 0x60, 0xA0,
  0x70, 0x03, 0x30, 0xE0, 0xB0, 0x0F, 0x0F, 0x06, 0x30, 0xD0, 0xC0, 0x20, 0x02, 0x20, 0x70, 0xD0, 0xE0, 0xF4, 0xE0, 0xC0,
  0x80, 0x20, 0x02, 0x20, 0xC0, 0xD0, 0x20, 0x0B, 0xA0, 0xB0, 0x0F, 0x0F, 0x06, 0x90, 0xE0, 0x50, 0x02, 0x50, 0xC0, 0xFA,
  0xD0, 0x60, 0x02, 0x60, 0xE0, 0x90, 0x0F, 0x0F, 0x0F, 0x03, 0x30, 0xE0, 0xA0, 0x02, 0x60, 0xE0, 0xFC, 0xD0, 0x70, 0x02,
  0xB0, 0xE0, 0x20, 0x0F, 0x0F, 0x0F, 0x02, 0x80, 0xE0, 0x50, 0x01, 0x40, 0xE0, 0xF1, 0xE0, 0xFB, 0xE0, 0x60, 0x01, 0x60,
  0xE0, 0x80, 0x0F, 0x00, 0x30, 0x60, 0x10, 0x0F, 0x0E, 0xB0, 0xC0, 0x01, 0x20, 0xC0, 0xE0, 0xFF, 0xD0, 0x30, 0x01, 0xC0,
  0xB0, 0x0F, 0x00, 0x80, 0xE0, 0x40, 0x0F, 0x0E, 0xD0, 0xB0, 0x01, 0x70, 0xF1, 0xE1, 0xFA, 0xE0, 0xF2, 0xA0, 0x01, 0xB0,
  0xE0, 0x0F, 0x01, 0x60, 0x0F, 0x0E, 0x40, 0xE0, 0x90, 0x00, 0x20, 0xD2, 0xFF, 0xF0, 0xE0, 0x20, 0x00, 0xA0, 0xF0, 0x30,
  0x0F, 0x0F, 0x0F, 0x00, 0x40, 0xF0, 0x80, 0x00, 0x50, 0xF1, 0xE0, 0xFF, 0xF1, 0x70, 0x00, 0x90, 0xF0, 0x40, 0x0F, 0x0F,
  0x0C, 0x40, 0x50, 0x01, 0x40, 0xF0, 0x80, 0x00, 0x90, 0xF3, 0xE0, 0xFF, 0xA0, 0x00, 0x90, 0xF0, 0x30, 0x0F, 0x0F, 0x0C,
  0xB1, 0x01, 0x40, 0xE0, 0x80, 0x00, 0xA0, 0xD0, 0xFF, 0xF3, 0xB0, 0x00, 0x90, 0xE0, 0x30, 0x0F, 0x0F, 0x0C, 0xA0, 0xC0,
  0x01, 0x20, 0xD0, 0xA0, 0x00, 0xA0, 0xFF, 0xF4, 0xC0, 0x00, 0xC0, 0xD0, 0x0F, 0x0F, 0x0D, 0x70, 0xE0, 0x30, 0x01, 0xC0,
  0xD0, 0x00, 0xA0, 0xD0, 0xF3, 0xD0, 0xFE, 0xB0, 0x10, 0xD0, 0xA0, 0x0F, 0x0F, 0x0D, 0x20, 0xE0, 0xA0, 0x01, 0x90, 0xE0,
  0x40, 0x90, 0xFF, 0xF4, 0xA0, 0x60, 0xF0, 0x80, 0x0A, 0x10, 0x0F, 0x0F, 0x02, 0x90, 0xE0, 0x30, 0x00, 0x30, 0xE0, 0xB0,
  0x50, 0xE0, 0xFF, 0xF3, 0x60, 0xB0, 0xF0, 0xD0, 0xA0, 0x30, 0x0C, 0x40, 0xB0, 0x30, 0x0F, 0x0C, 0x30, 0xD0, 0xB0, 0x01,
  0xA0, 0xE0, 0x50, 0xC0, 0xF6, 0xE0, 0xFA, 0xD0, 0x60, 0xE0, 0xB0, 0x80, 0xB0, 0xD0, 0x90, 0x20, 0x0A, 0x50, 0xE0, 0x50,
  0x0F, 0x0D, 0x60, 0xE0, 0x80, 0x00, 0x30, 0xD0, 0xC0, 0x80, 0xE0, 0xFF, 0xF0, 0xE0, 0x90, 0xD1, 0x30, 0x00, 0x10, 0x80,
  0xD0, 0xC0, 0x40, 0x0A, 0x20, 0x0F, 0x0F, 0x90, 0xE0, 0x50, 0x00, 0x70, 0xD0, 0xA0, 0xB0, 0xFF, 0xF0, 0xD0, 0xB0, 0xE0,
  0x60, 0x10, 0x02, 0x30, 0xB0, 0xE0, 0x50, 0x08, 0x10, 0x0F, 0x0F, 0x00, 0x20, 0xC1, 0x10, 0x00, 0x90, 0xD0, 0xA0, 0xD0,
  0xFE, 0xE0, 0xB0, 0xF0, 0x90, 0x01, 0xA1, 0x30, 0x01, 0xA0, 0xE0, 0x80, 0x0E, 0x31, 0x0F, 0x09, 0x40, 0xD0, 0xA0, 0x01,
  0x90, 0xE0, 0xC0, 0xE0, 0xFD, 0xE1, 0x80, 0x02, 0x80, 0xC0, 0xD0, 0x60, 0x01, 0x80, 0xD0, 0x90, 0x10, 0x0C, 0xB0, 0xD0,
  0x30, 0x0F, 0x09, 0x80, 0xE0, 0x60, 0x01, 0x80, 0xE0, 0xFE, 0xD0, 0x70, 0x04, 0x20, 0xA0, 0xD0, 0x60, 0x01, 0x60, 0xE0,
  0x90, 0x10, 0x0B, 0xA0, 0xC0, 0x20, 0x0F, 0x0A, 0xB0, 0xE0, 0x40, 0x01, 0x40, 0xA0, 0xE0, 0xFA, 0xE0, 0xA0, 0x30, 0x07,
  0x90, 0xF0, 0x60, 0x00, 0x90, 0xC0, 0xE0, 0x90, 0x10, 0x70, 0x20, 0x0F, 0x0F, 0x06, 0x30, 0xC0, 0xB0, 0x03, 0x40, 0x90,
  0xC0, 0xE0, 0xD0, 0xE0, 0xF1, 0xE1, 0xB0, 0x90, 0x40, 0x10, 0x09, 0xA0, 0xD0, 0xA0, 0xF0, 0x61, 0xD0, 0x90, 0xC0, 0xB0,
  0x10, 0x0F, 0x0F, 0x06, 0x60, 0xE0, 0x80, 0x05, 0x30, 0x50, 0x61, 0xD0, 0x90, 0x50, 0x0D, 0x10, 0xB0, 0xF0, 0x60, 0x01,
  0x60, 0xD0, 0x70, 0xE0, 0x80, 0x0F, 0x0F, 0x07, 0x80, 0xE0, 0x50, 0x08, 0xC0, 0x90, 0x00, 0x21, 0x08, 0x50, 0xB0, 0xD0,
  0xC0, 0x60, 0xD0, 0xA0, 0x10, 0x00, 0x50, 0xE0, 0x30, 0x90, 0xE0, 0x50, 0x0C, 0x10, 0x0F, 0x09, 0xB0, 0xC0, 0x08, 0xB1,
  0x00, 0xC0, 0x60, 0x08, 0xC0, 0xB0, 0x70, 0xB0, 0xC0, 0x60, 0xE0, 0x80, 0x40, 0xD0, 0xA0, 0x01, 0xB0, 0xC0, 0x0F, 0x0F,
  0x07, 0x40, 0xD0, 0x90, 0x07, 0x60, 0xC0, 0x00, 0xC0, 0x80, 0x07, 0x20, 0xC0, 0x60, 0x00, 0x40, 0xD0, 0x40, 0x80, 0xE0,
  0xD0, 0xA0, 0x20, 0x01, 0x40, 0xE0, 0xA0, 0x0F, 0x0F, 0x00, 0x10, 0x05, 0x70, 0xD0, 0x70, 0x06, 0x30, 0xD0, 0x40, 0xA0,
  0xB0, 0x04, 0x10, 0x02, 0xD0, 0xA0, 0x30, 0x90, 0xD0, 0x30, 0x70, 0xE0, 0x90, 0x04, 0x70, 0xE0, 0x60, 0x04, 0x10, 0x0F,
  0x02, 0x10, 0x61, 0x0B, 0xA0, 0xD0, 0x30, 0x06, 0xC0, 0x90, 0x50, 0xE0, 0x50, 0x01, 0x20, 0x71, 0x20, 0x01, 0x60, 0xD2,
  0x70, 0x60, 0xD0, 0xE0, 0xD0, 0x20, 0x04, 0xA0, 0xD0, 0x50, 0x0F, 0x07, 0x20, 0xD0, 0xA0, 0x0B, 0x20, 0xC0, 0x70, 0x06,
  0xA0, 0xD0, 0x00, 0xA0, 0xB0, 0x00, 0x40, 0xD2, 0xB0, 0x20, 0x01, 0x20, 0x50, 0x20, 0x70, 0xE0, 0x80, 0x30, 0xC0, 0x60,
  0x04, 0x30, 0xC0, 0xB0, 0x0F, 0x08, 0x70, 0x80, 0x0C, 0x20, 0x07, 0x30, 0xE0, 0x50, 0x40, 0xD0, 0x60, 0xB1, 0x20, 0x30,
  0xE0, 0x70, 0x04, 0xA0, 0x70, 0x01, 0xB0, 0xA0, 0x05, 0x50, 0xF0, 0x80, 0x0F, 0x0F, 0x0F, 0x00, 0xB1, 0x00, 0x90, 0xE0,
  0xC0, 0xA0, 0x01, 0xC0, 0x80, 0x08, 0x90, 0xD0, 0x06, 0x80, 0xA0, 0x0F, 0x0F, 0x0F, 0x00, 0x50, 0xF0, 0x80, 0xD0, 0xE1,
  0xF0, 0xA0, 0xB0, 0xD0, 0x40, 0x08, 0x50, 0xD0, 0x40, 0x0F, 0x0F, 0x0F, 0x09, 0xC0, 0xD0, 0x70, 0x40, 0xD0, 0xB1, 0xA0,
  0x50, 0x70, 0xB0, 0x30, 0x01, 0x40, 0x10, 0x02, 0x30, 0xE0, 0x60, 0x00, 0x61, 0x0F, 0x0F, 0x04, 0x10, 0x70, 0x60, 0x0E,
  0x70, 0xE0, 0x40, 0x10, 0x70, 0xE0, 0xA1, 0xD1, 0xA0, 0x20, 0x01, 0xB0, 0xA0, 0x02, 0x70, 0xB0, 0x80, 0x50, 0x90, 0xD0,
  0x40, 0x0F, 0x0F, 0x02, 0x20, 0xD1, 0xC0, 0xA0, 0x0E, 0xB0, 0xD0, 0x90, 0xB0, 0xC1, 0xE0, 0xA0, 0x30, 0x03, 0x70, 0xE0,
  0x90, 0x00, 0x60, 0xE0, 0xF0, 0xD0, 0xF0, 0x70, 0xD0, 0xC0, 0x20, 0x0F, 0x0F, 0x01, 0x40, 0xD0, 0x20, 0x30, 0xD0, 0x60,
  0x0D, 0x20, 0xA0, 0xC0, 0xA0, 0x50, 0x40, 0xD0, 0xB0, 0x20, 0x04, 0xC0, 0xF0, 0xD0, 0xE0, 0xD0, 0x60, 0x10, 0x90, 0xB0,
  0x40, 0xD0, 0x90, 0x10, 0x0F, 0x0F, 0x00, 0x40, 0xD0, 0x30, 0x20, 0xD0, 0x60, 0x0F, 0x03, 0x30, 0xC0, 0xD0, 0x60, 0x03,
  0xA0, 0xD0, 0xC0, 0xD0, 0x40, 0x00, 0x40, 0xD0, 0x90, 0x00, 0x60, 0xD0, 0x40, 0x0F, 0x0F, 0x00, 0x10, 0x80, 0xC0, 0xB1,
  0x0F, 0x05, 0x20, 0xA0, 0xF0, 0xA0, 0x50, 0x40, 0xA0, 0xE0, 0xF1, 0xC0, 0x10, 0x80, 0xD0, 0xB0, 0x40, 0x01, 0x50, 0x0F,
  0x0F, 0x03, 0x30, 0x50, 0x20, 0x0F, 0x07, 0x50, 0xB0, 0xC0, 0xE1, 0xA0, 0x40, 0xA0, 0xF2, 0x80, 0x10, 0x0F, 0x0F, 0x0F,
  0x0F, 0xB0, 0x80, 0x10, 0x01, 0x90, 0xD0, 0x60, 0x01, 0xB1, 0x60, 0x20, 0x0F, 0x0F, 0x0F, 0x0B, 0x10, 0x04, 0x70, 0xE0,
  0x60, 0x01, 0x90, 0xC0, 0x00, 0x40, 0xC0, 0xF0, 0x50, 0x04, 0x90, 0xC0, 0x20, 0x0F, 0x0F, 0x0F, 0x0C, 0xA0, 0xD0, 0x30,
  0x00, 0x60, 0xE0, 0xC0, 0xD1, 0x30, 0x05, 0x50, 0xC0, 0x90, 0x0F, 0x0F, 0x0F, 0x0C, 0x20, 0xC0, 0xB0, 0x01, 0x60, 0x90,
  0x50, 0x08, 0x70, 0xF0, 0x30, 0x0F, 0x0F, 0x0F, 0x0C, 0x50, 0xB0, 0x20, 0x0D, 0x40, 0x10, 0x0F, 0x0F, 0x0F, 0x0F, 0x0F,
  0x0F, 0x0F, 0x0F, 0x0F, 0x0F, 0x0F, 0x0F, 0x0F, 0x0F, 0x0F, 0x0F, 0x0F, 0x0F, 0x0F, 0x0F, 0x0F, 0x0F, 0x0F, 0x0F, 0x0F,
  0x0F, 0x0F, 0x0F, 0x0F, 0x0F, 0x0F, 0x0F, 0x0F, 0x0F, 0x0F, 0x0F, 0x0F, 0x0F, 0x0F, 0x03, 0x10, 0x0F, 0x0F, 0x0F, 0x0F,
  0x0F, 0x0F, 0x0F, 0x0F, 0x0F, 0x0F, 0x0F, 0x0F, 0x0F, 0x0F, 0x0F, 0x0F, 0x0F, 0x0F, 0x0F, 0x0F, 0x0F, 0x0F, 0x0F, 0x0F,
  0x0F, 0x0F, 0x0F, 0x0F, 0x0F, 0x0F, 0x0F, 0x0F, 0x0F, 0x0F, 0x0F, 0x0F, 0x0F, 0x0F, 0x0F, 0x0F, 0x0F, 0x0B,
};
